Job Title,Company Name,Location,Post date,Today,Summary,Salary
Associate Accountant,Sahara equity,"Delhi, Delhi•Remote",Posted30+ days ago,2021-12-15,"Accounting experience of at least 2 years.
Must be familiar with Quickbooks.
Must be proficient with account payables, receivables, and transaction verification…","₹25,000 - ₹35,000 a month"
Senior Accountant,Sanjay Vishal and Associates,"Naraina Vihar, Delhi",Posted11 days ago,2021-12-15,"Minimum 3-4 years experiance required.
Job Types: Full-time, Walk-In.
Total work: 1 year (Preferred).","₹20,000 - ₹35,000 a month"
new,Gulati Auto Electricals Private Limited,"Delhi, Delhi",Posted7 days ago,2021-12-15,"Candidate should have knowledge of tally ERP.9 and sales and purchase bill entry.
Total work: 1 year (Preferred).","₹18,000 a month"
new,UNIGLOBAL DISTRIBUTORS PRIVATE LIMITED,"New Delhi, Delhi",Posted5 days ago,2021-12-15,"Uniglobal Distributors PVT LTD is on a look out for an *Assistant Accountant *for their organization.
He/ She shall have a *minimum of 5 years of experience*.","₹25,000 - ₹35,000 a month"
new,Khanna Kumar and Associates,"New Delhi, Delhi•Temporarily Remote",PostedToday,2021-12-15,"Chartered accountant or Accountant with 3-4 years experience in the field of accounting and taxation for Corporates.
Job Types: Full-time, Regular / Permanent.","₹35,000 - ₹70,000 a month"
Accountant,Vitasta Publishing Pvt. Ltd.,"New Delhi, Delhi",Posted9 days ago,2021-12-15,"The ideal candidate will be involved with preparing financial reports and statements, bank reconciliations, and conducting cyclical audits.","₹20,000 - ₹23,000 a month"
new,NEW AGE International Pvt Ltd,"Delhi, Delhi",Posted7 days ago,2021-12-15,"Must have knowledge of TDS, GST, Income Tax Filing.
Must have knowledge of Finalisation of Balance Sheet.
Minimum Experience should be 5 years.","₹20,000 - ₹30,000 a month"
Part Time Accountant,Delhi Haat Craft Cottage Industries,"New Delhi, Delhi",Posted11 days ago,2021-12-15,Expenditure voucher preparation and entry in tally.,"₹5,000 a month"
new,Sociopool India pvt ltd,"New Delhi, Delhi",Posted2 days ago,2021-12-15,"Preparing accounts and filing tax returns and GST & TDS filing.
Administering payrolls and controlling income and expenditure.
Total work: 5 years (Required).","₹15,000 - ₹35,000 a month"
Junior Accountant,Binayak Filaments Pvt. Ltd.,"Delhi, Delhi",Posted10 days ago,2021-12-15,"The candidate should have appropriate knowledge of GST and upto mark at using Tally premium.
He will be involved in preparation of financial reports (both…","₹2,00,000 - ₹2,75,000 a year"
Accountant,AEROTECH SYSTEMS PRIVATE LIMITED,"Delhi, Delhi",Posted30 days ago,2021-12-15,Candidate for this job should have good knowledge of Tally and will be responsible for maintaining accounting and taxation.,"₹18,000 - ₹25,000 a month"
Branch Accountant,Compuage,"Delhi, Delhi",Posted12 days ago,2021-12-15,"Handling billing & Receivable, Expenses Entry.
Stock Inward, Daily MIS reporting.
Co-ordination with Supply Chain & Transporter Team.",
new,TSN INFRASTRUCTURE PRIVATE LIMITED,"New Delhi, Delhi",Posted7 days ago,2021-12-15,"Bachelor's degree in Accounting, Finance, or a related field, or an equivalent combination of education, training and experience.
Job Types: Full-time, Walk-In.","₹30,000 - ₹35,000 a month"
new,Ozell Cooner Paints,"Delhi, Delhi",PostedJust posted,2021-12-15,"Analysis of Dealer Opening Form.
Making reports and follow with sales team for OD and upcoming payments (collections).
Tally ERP software: 5 years (Preferred).","₹30,000 - ₹40,000 a month"
Senior Accountant,Parent Protect,"Delhi, Delhi•Temporarily Remote",Posted20 days ago,2021-12-15,"Publish financial statements in time.
Handle monthly, quarterly and annual closings.
Reconcile accounts payable and receivable.
Job Types: Full-time, Contract.","₹20,000 - ₹25,000 a month"
new,ShipBob Inc,"New Delhi, Delhi",Posted6 days ago,2021-12-15,"The position will report directly to Finance Controller India along with interactions with Global Controller.
We offer a full suite of fulfillment solutions for…",
Accountant,Vitasta Publishing Pvt. Ltd.,"New Delhi, Delhi",EmployerActive 6 days ago,2021-12-15,"The ideal candidate will be involved with preparing financial reports and statements, bank reconciliations, and conducting cyclical audits.","₹20,000 - ₹23,000 a month"
Part Time Accountant,Visicom Systems Pvt Ltd,"New Delhi, Delhi",EmployerActive 5 days ago,2021-12-15,"Job Types: Part-time, Temporary.
Total work: 1 year (Preferred).","₹7,000 - ₹8,000 a month"
Junior Accountant,Binayak Filaments Pvt. Ltd.,"Delhi, Delhi",EmployerActive 2 days ago,2021-12-15,"The candidate should have appropriate knowledge of GST and upto mark at using Tally premium.
He will be involved in preparation of financial reports (both…","₹2,00,000 - ₹2,75,000 a year"
Accountant,Unique Auto Products Private Limited,"New Delhi, Delhi",EmployerActive 7 days ago,2021-12-15,"Perform accounts receivable and payable functions.
Assist in the submission of taxes and different economic reports.
Tally, GST, TDS, ITR return filing.","₹15,000 - ₹25,000 a month"
new,Luthra & Luthra Chartered Accountants,"New Delhi, Delhi",PostedJust posted,2021-12-15,"Formulate, implement, and evaluate legal tax reduction strategies.
Monitor and maintains accurate records of each client’s tax situation.","₹80,000 a month"
Accountant,The Event Workshop,"New Delhi, Delhi",EmployerActive 8 days ago,2021-12-15,"Accountant duties are likely to range from helping to prepare financial statements and accounts, budgeting, managing ledgers,processing invoices and audits.","₹7,000 - ₹12,000 a month"
new,Luthra & Luthra Chartered Accountants,"New Delhi, Delhi",PostedJust posted,2021-12-15,"Prepare asset, liability and capital account entries by compiling and analysing account information.
Document financial transactions by entering account…","₹30,000 a month"
Accounts Executive,Medorah Meditek pvt Ltd,"New Delhi, Delhi",EmployerActive 1 day ago,2021-12-15,"We are looking for an Accountant to manage all financial transactions, from fixed payments and variable expenses to bank deposits and budgets.","₹15,000 - ₹35,000 a month"
Senior Accountant,360 Interior Designs LLP,"New Delhi, Delhi",EmployerActive 8 days ago,2021-12-15,"We are looking for a reliable Finance & Accounts Manager that will analyze every day financial activities like Accounts Payable, Accounts Receivable, Finance…","₹45,000 - ₹55,000 a month"
Accountant,AEROTECH SYSTEMS PRIVATE LIMITED,"Delhi, Delhi",EmployerActive 1 day ago,2021-12-15,Candidate for this job should have good knowledge of Tally and will be responsible for maintaining accounting and taxation.,"₹18,000 - ₹25,000 a month"
Accountant,Evolve Digitas,"Delhi, Delhi",Posted30+ days ago,2021-12-15,"Our main objective is to finish the work according to the time line.
Our competitive benefits package includes premium medical, dental, and vision coverage.",
new,Hoog Software Pvt. Ltd.,"Delhi, Delhi",EmployerActive 6 days ago,2021-12-15,"Are available for full time (in-office) internship.
Have relevant skills and interests.
Strong attention to detail and good analytical skills.","₹5,000 - ₹6,000 a month"
Assistant Accountant,Sunglass Palace Pvt Ltd,"Delhi, Delhi",EmployerActive 3 days ago,2021-12-15,"Manage all phases of accounts payable and account receivable.
To prepare regular reports and summaries of all accounting aspects of the company.",
new,Boston Scientific Corporation,"New Delhi, Delhi",Posted4 days ago,2021-12-15,"Provide customer service support to regional end users regarding PO and Supplier Enablement and Helpdesk escalations.
Resolve escalated issues with PO requests.",
Accountant,New modern bazaar dept store pvt,"New Delhi, Delhi",Posted22 days ago,2021-12-15,"Job Types: Full-time, Walk-In.
Total work: 5 years (Preferred).","₹25,000 - ₹30,000 a month"
Junior Accountant,Promotional Club,"New Delhi, Delhi",Posted25 days ago,2021-12-15,"Prepare financial statements, including monthly and annual accounts.
Arrange financial management reports, including financial planning and forecasting.",
ACCOUNTANT,SPACE DESIGN GROUP,"Delhi, Delhi",Posted13 days ago,2021-12-15,"\* *Maintaining day book, petty cash*.
Candidate should be commerce graduate with 7-8 year of experience in similar profile of work Knowledge* *of Tally, GST,…","₹5,000 a month"
Senior Accountant,D. Bag Factory,"Delhi, Delhi",Posted22 days ago,2021-12-15,".busy(reporting on productions,cost,aeging, debtors,creditors etc.","₹25,000 a month"
Senior Accountant,R K Associates & Hotels Pvt Ltd,"Delhi, Delhi",Posted16 days ago,2021-12-15,"Accounting 4-5 years of experience.
TDS and balance sheet preparation.
Job Types: Full-time, Walk-In.
Delhi, Delhi: Reliably commute or planning to relocate…","₹25,000 - ₹30,000 a month"
Assistant Accountant Internship,Crypto Mize,"Delhi, Delhi",Posted28 days ago,2021-12-15,"Preparing financial documents such as invoices, bills, and accounts payable and receivable.
An Accounting Clerk is a person who specializes in completing…",
Junior Accountant,Digitar Media,"New Delhi, Delhi",Posted15 days ago,2021-12-15,"Preparing accounts and tax returns and GST filing.
Analysing accounts and business plans.
Invoicing to clients and payment followups.","₹5,000 - ₹12,000 a month"
new,Luthra & Luthra Chartered Accountants,"New Delhi, Delhi",PostedJust posted,2021-12-15,"Looking dynamic chartered accountants to work in diversified area to be industry expert.
In tax division, you will be responsible for tax planning (domestic as…","₹50,000 a month"
Charted Accountant,AVG LOGISTICS LIMITED,"Delhi, Delhi",Posted9 days ago,2021-12-15,"Looking for Qualified CA with post qualification experience 3 yr to 10 yrs, should must have experience working with any industry, Logistics & transportation…","₹45,000 - ₹65,000 a month"
BRANCH ACCOUNTANT,SIS Prosegur,"Delhi, Delhi",Posted30+ days ago,2021-12-15,"Checking and accounting of vendor/expense bills.
Raising accurate bills as per timelines.
Checking of attendance records and preparing wages on timely basis.",
Senior Accountant,Uboard India Ltd.,"New Delhi, Delhi",Posted15 days ago,2021-12-15,"Manage all accounting transactions.
Publish financial statements in time.
Handle monthly, quarterly and annual closings.
Ensure timely bank payments.","₹20,000 - ₹25,000 a month"
new,Khanna Kumar and Associates,"New Delhi, Delhi•Temporarily Remote",PostedToday,2021-12-15,"Chartered accountant or Accountant with 3-4 years experience in the field of accounting and taxation for Corporates.
Job Types: Full-time, Regular / Permanent.","₹35,000 - ₹70,000 a month"
new,Garg brothers plaster industries,"Delhi, Delhi",Posted6 days ago,2021-12-15,Total work: 1 year (Preferred).,"₹15,000 a month"
accountant,M M Public School,"Delhi, Delhi",Posted30+ days ago,2021-12-15,"He/ she should be well versed to the accounting principles, data entry in tally.
Job Types: Full-time, Contract.","₹25,000 a month"
new,Bizzhype HR,"Delhi, Delhi",PostedToday,2021-12-15,This is a mid-level position in the Finance Department of the Company and the candidate is expected to possess sound knowledge of financial and accounting…,"₹35,789 - ₹50,123 a month"
Accountant,Lal chand n company,"New Delhi, Delhi",Posted19 days ago,2021-12-15,"Must be having proper knowledge of gst .
Full time job -11-7 pm.
Total work: 1 year (Preferred).","₹16,000 - ₹20,000 a month"
Finance Manager,Hands On Consulting,"New Delhi, Delhi",Posted10 days ago,2021-12-15,"This position will be responsible for all aspects of Management and Financial Accounting requirements of the India entity, and will support overseas group…","₹1,30,000 a month"
Senior Accountant,LegalRaasta Technologies Pvt Ltd,"Delhi, Delhi",Posted28 days ago,2021-12-15,"GST Computation & Return Filling.
Have Knowledge of Tally.
Candidates will be preferred who lives nearby Pitampura.
Job Types: Full-time, Walk-In.","₹25,000 - ₹35,000 a month"
new,SantKripa Equipments Private Limited,"Delhi, Delhi",PostedJust posted,2021-12-15,"Comprehensive knowledge of GST Concepts like Return filing, ITC reconciliation, GST Audit and E-invoicing.
GST AUDIT: 2 years (Required).","₹40,000 - ₹60,000 a month"
Finance Executive,Flybunch Ventures (P) Ltd,"Pitampura, Delhi",Posted20 days ago,2021-12-15,"Proven experience of 2-3 years as an accountant.
Assist senior accountants in the preparation of monthly/yearly closings.
Have you done MBA in Finance/Accounts.","₹4,20,000 a year"
ACCOUNTANT,inaya couture,"New Delhi, Delhi",Posted12 days ago,2021-12-15,"Prepare budget, Invoice and financial forecasts.
Publish financial statements in time.
Conduct month-end and year-end close process.","₹15,000 - ₹25,000 a month"
Assistant Accountant,Fostiima Business School,"New Delhi, Delhi",Posted14 days ago,2021-12-15,"Preparing accounts and tax returns.
Auditing and analysing financial performance.
Financial forecasting and risk analysis.
Job Types: Full-time, Walk-In.","₹15,000 - ₹20,000 a month"
Charted Accountant,Cosage Advisors,"New Delhi, Delhi",Posted30+ days ago,2021-12-15,"Job Types: Full-time, Walk-In.","₹15,000 - ₹49,000 a month"
Accountant- North Delhi- Male Candidates,Globalzone,"Civil Lines, Delhi",Posted12 days ago,2021-12-15,"Competent staff for accounts, who knows every field of accounts in computer and manual both.
Plus he shud know filing system also hard copies.","₹3,00,000 - ₹4,00,000 a year"
Assistant Accountant,A N KAUL & ASSOCIATES,"New Delhi, Delhi•Temporarily Remote",Posted13 days ago,2021-12-15,"Handling accounting, TDS returns, and GST returns aspect.
MS-Office, Tally, English Proficiency (Spoken), English Proficiency (Written).","₹10,000 - ₹12,000 a month"
US Accountant,Exceed Outsourcing Private Limited,"New Delhi, Delhi",Posted30+ days ago,2021-12-15,"\*End to End Bookkeeping & Year-End Finalization work.
\*Payable, Receivables, Reconciliations & Payroll processing.
\*Expert hands-on experience in QuickBooks.","₹25,000 - ₹50,000 a month"
Senior Accountant,Sociopool India,"Delhi, Delhi",Posted30+ days ago,2021-12-15,"Preparing Accounts and tax Returns.
Administering payrolls and controlling income and expenditure.
Compiling and presenting reports, budgets, business plans,…",
new,Crossover,"New Delhi, Delhi•Remote",Posted6 days ago,2021-12-15,"You want to directly work on financial reports for a complex multinational business - and make the complex seem simple.
Spending all day doing data entry.","₹3,50,000 a month"
Senior Accountant,Parent Protect,"Delhi, Delhi•Temporarily Remote",Posted20 days ago,2021-12-15,"Publish financial statements in time.
Handle monthly, quarterly and annual closings.
Reconcile accounts payable and receivable.
Job Types: Full-time, Contract.","₹20,000 - ₹25,000 a month"
Account Head,Abdos Labtech Private Limited,"New Delhi, Delhi",Posted14 days ago,2021-12-15,"The candidate must demonstrate independence, excellence, and integrity in decision-making and business judgment.
Tax compliance -Direct and indirect.","₹10,00,000 - ₹14,00,000 a year"
new,Agarwal Rajesh K & Associates,"New Delhi, Delhi",Posted8 days ago,2021-12-15,"Responsible for GSTR return filing.
Preparing details required for GST - reports, payment & return filling.
Should be well versed with advanced excel.","₹25,000 - ₹30,000 a month"
new,TRAVEL ORBIT,"Delhi, Delhi",Posted1 day ago,2021-12-15,"Managing the status of accounts and balances and identifying inconsistencies.
Clients TDS confirmation collect and entry pass in system as per bill Detail and…","₹13,500 - ₹14,000 a month"
Junior Accountant,Cheferd Foods Private Limited,"Delhi, Delhi",EmployerActive 16 days ago,2021-12-15,"Assist senior accountants in the preparation of weekly/monthly/yearly closings.
We are looking for an ambitious Junior Accountant to provide support to the…","₹15,600 - ₹20,000 a month"
Accountant,Lal chand n compny,"New Delhi, Delhi",EmployerActive 2 days ago,2021-12-15,"Need accountant who can handle purchase , sales , e way bill.
Proper knowledge of accounts as well as accounts .
Exeperience must be 1-2 years .","₹16,000 - ₹20,000 a month"
Senior Accountant,PGSJ & Co. Chartered Accountants,"Delhi, Delhi",EmployerActive 14 days ago,2021-12-15,"Audit, Book Keeping, Finalization, GST, Journal Entry, TDS, Tally, Tax returns, Taxation, Bank Reconciliation & Other Reconciliation, Bank Payment Through…","₹20,000 - ₹25,000 a month"
Audit & Accounts Assistant,H.L.GERA AND CO. CHARTERED ACCOUNTANTS,"Delhi, Delhi",EmployerActive 5 days ago,2021-12-15,"Job requires knowledge of accounting softwares i.e. tally, busy and knowledge of MS office.
Preference to be given if from an accounts background.",
new,Luthra & Luthra Chartered Accountants,"New Delhi, Delhi",PostedJust posted,2021-12-15,"Plan and manage the entire life cycle of the audit.
Analyze financial statements and identify audit-related issues.
Supervise and conduct independent audits.","₹10,00,000 a year"
Statutory Auditor,At Rise HR,"New Delhi, Delhi",EmployerActive 5 days ago,2021-12-15,"The incumbent should have a good Knowledge of accounting principles, practices,.
Techniques and theories of financial reporting and internal financial controls;","₹7,00,000 - ₹9,00,000 a year"
Cost Accountant,Auto Die Cast (India),"Delhi, Delhi",EmployerActive 9 days ago,2021-12-15,Maintaining stock and cost accounting of finished products and basic accounting to prepare the profit loss statements accurately.,"₹15,000 - ₹25,000 a month"
CA Article Trainee,Gupta Atul & Co. Chartered Accountants,"New Delhi, Delhi",EmployerActive 19 days ago,2021-12-15,"Required article clerk/ Trainees for a CA firm based established since 1993 in Nehru Place Delhi.
Candidate will get exposure to accounting, Income Tax, GST,…","₹72,000 a year"
Senior Accountant,StanQuad,"Delhi, Delhi",Posted30+ days ago,2021-12-15,"Thorough knowledge of basic accounting procedures and principles.
Experience with creating financial statements.
Accuracy and attention to detail.",
Senior Accountant,SANTKRIPA EQUIPMENTS,"Delhi, Delhi",Posted30+ days ago,2021-12-15,"Must complete knowledge and experience of all GST Return and Audit.
Salary: ₹40,000.00 - ₹70,000.00 per month.
E Invoicing: 1 year (Required).","₹40,000 - ₹70,000 a month"
new,EY,"Gurgaon Road, Delhi",Posted1 day ago,2021-12-15,"The multi-layered indirect tax levied both at the Central and State level in India is extremely complex and dynamic.
Skills and attributes for success.",
Financial Accountant,Airnet Digital Network Pvt Ltd,"New Delhi, Delhi•Temporarily Remote",EmployerActive 10 days ago,2021-12-15,"Airnet Digital provides quality music distribution services to artists and record labels across the globe.
Should Be Able To Maintain Bank Statements.","₹10,000 - ₹20,000 a month"
Senior Accountant,BHARAT VERMA JEWELLERS,"New Delhi, Delhi",EmployerActive 5 days ago,2021-12-15,"Looking for accountant who has knowledge to file GST & TDS/TCS Returns.
And give in all the energy he/she has to complete the specified task fast.","₹15,000 - ₹25,000 a month"
Junior Accountant,Healing Touch Surgicals,"New Delhi, Delhi",EmployerActive 1 day ago,2021-12-15,"Proficiency in MS-Word, Excel.
Job Types: Full-time, Temporary.
Total work: 4 years (Preferred).","₹15,000 - ₹22,000 a month"
Finance Manager,Horizon International Recruitment Services,"New Delhi, Delhi",Posted22 days ago,2021-12-15,"Oversee financial department employees, including financial assistants and accountants.
Monitor the day-to-day financial operations within the company, such as…",
Financial Analyst,A.P.T. Portfolio,"Delhi, Delhi+1 location•Remote",Posted12 days ago,2021-12-15,"Preparation of financial statements, including half yearly and annual accounts.
Prepare and maintain the accounting records, voucher creation, bank…",
Account Manager,Durga sugar,"Delhi, Delhi",EmployerActive 1 day ago,2021-12-15,"GST, TDS, Reconcile bank, Make debtors List daily, Stock management, TDS on Purchase 194Q, Bills Mail to Debtors, Monthly reconcile Purchase List, Debit note,…","₹20,000 - ₹35,000 a month"
Senior Accountant,SUBRA INTERNATIONAL PRIVATE LIMITED,"New Delhi, Delhi",EmployerActive 2 days ago,2021-12-15,The candidate should be preferably a Semi qualified Chartered Accountant with 10 to 15 years of Industrial Experience out of which Preferably 2-3 years of…,"₹30,000 - ₹40,000 a month"
Commerce Graduates- Tally operators,RKT & Co.,"Delhi, Delhi",EmployerActive 1 day ago,2021-12-15,"Commerce Graduates - with knowledge of tally are required.
Job Profile will include Statutory Audits and Internal audits, Litigation with GST department and…","₹7,500 - ₹20,000 a month"
new,EY,"Gurgaon Road, Delhi",Posted1 day ago,2021-12-15,"EY is looking for Consultants / Senior Consultants to join the Fraud Investigation and Dispute Services team.
You will execute / lead client engagements related…",
Sr. Accountant - PTP Job,Boston Scientific Corporation,"New Delhi, Delhi",Posted11 days ago,2021-12-15,"Participate in integration project to ensure end to end process transition, creating/reviewing DTP, process stabilization.
Assist manager to coach team members.",
new,Sharda consultancy service,"Delhi, Delhi",Posted3 days ago,2021-12-15,"Face to Face round of interview mandatory.
Immediate Joiner or max up-to 15 days notice period.
The Candidate would have an active role in the monthly account…","₹6,00,000 - ₹7,00,000 a year"
Chartered Accountant,Javitri Consultancy Services,"Delhi, Delhi",EmployerActive 5 days ago,2021-12-15,"We are hiring qualified chartered accountants for our clients from *construction, Investment banking & finance sector. *.","₹5,00,000 - ₹8,50,000 a month"
new,Krishna Gems n Jewels,"New Delhi, Delhi",EmployerActive 1 day ago,2021-12-15,"Publish financial statements in time.
Handle monthly, quarterly and annual closings.
Reconcile accounts payable and receivable.","₹16,000 - ₹20,000 a month"
Income Auditor- Crowne Plaza Today New Delhi Okhla,IHG,"Delhi, Delhi",Posted19 days ago,2021-12-15,Assuring the accuracy of daily management reports by inspecting all backup for proper documentation; balance and verify figures against individual department…,
Auditor & Accounts Executive,Convoy Secure Limited,"Delhi, Delhi",EmployerActive 1 day ago,2021-12-15,"Responsible for Processing of Accounts Payable& Accounts Receivable.
Manage the overall coordination, administration.
IT skills- ERP (SAP/Oracle), MS Office.","₹20,000 - ₹30,000 a month"
Accountant,Career Kare,"Delhi, Delhi",Posted12 days ago,2021-12-15,"Generation of Invoices and ewaybills.
Provides financial information to management by researching and analysing accounting data; preparing reports.","₹1,50,000 - ₹3,00,000 a year"
Accountant- Travel - UK Based Quick Book - South Delhi After...,Globalzone,"New Friends Colony, Delhi, Delhi",Posted14 days ago,2021-12-15,"Business Skills: Experience of Managing Teams of junior accountants, including logistics process, verification and delivery.
Making amending invoices Client.","₹5,50,000 - ₹8,50,000 a year"
new,Gracious web technologies and placement service,"Delhi, Delhi",Posted3 days ago,2021-12-15,"Coordinate with management and staff to prepare budgets.
Ensure compliance with organizational guidelines and procedures, and federal and state regulations.","₹15,000 - ₹25,000 a month"
Assistant Accountant,Tayal Traders,"Palam, Delhi",EmployerActive 2 days ago,2021-12-15,This position will assist in performing monthly accounting activities and related consolidation and reporting tasks.,"₹8,086 - ₹15,000 a month"
Assistant Accountant,Sonu Hardware and Sanitary store,"New Delhi, Delhi",Posted22 days ago,2021-12-15,"A person should be at least 12th pass or a bachelor degree holder.
He/she should have some work experience in any other company.
For example Tally Erp 9.","₹10,000 - ₹20,000 a month"
Jr. Accountant,ORANGE MARKETING PVT LTD,"New Delhi, Delhi",EmployerActive 2 days ago,2021-12-15,Total work: 2 years (Preferred).,"₹7,000 - ₹10,000 a month"
new,SS Pvt Ltd,"New Delhi, Delhi•Temporarily Remote",Posted1 day ago,2021-12-15,"Experience in GST R1, 3B, 9, 9C Returns Filing.
Experience in TDS return filing.
Should have practical knowledge of Excel, Advance Excel and Google spread sheet…","₹5,00,000 - ₹6,00,000 a year"
Junior Accountant,ATECH TOOLS,"New Delhi, Delhi",EmployerActive 2 days ago,2021-12-15,"Junior Accountant Full Time Office Admin Work.
Total work: 1 year (Preferred).
A/R Analysis: 1 year (Preferred).","₹9,000 - ₹10,000 a month"
Senior Accountant Executive/Incharge,"Kumar Pankaj & Associates, CA Firm","New Delhi, Delhi",EmployerActive 6 days ago,2021-12-15,"Job Types: Full-time, Internship, Volunteer.
Total work: 3 years (Preferred).","₹9,000 - ₹20,000 a month"
Trainee Chartered Accountant,client of Hummingsun,"Delhi, Delhi",EmployerActive 5 days ago,2021-12-15,Manage day to day activity of office.,"₹6,00,000 a year"
Financial Accountant,Ismart Technology,"Delhi, Delhi",EmployerActive 11 days ago,2021-12-15,"We require a full time accountant to manage our account.
Job Types: Full-time, Walk-In.
Total work: 2 years (Preferred).","₹8,000 - ₹15,000 a month"
Chartered Accountant,NKG Infrastructure,"New Delhi, Delhi",Posted30+ days ago,2021-12-15,"Assessing financial risks and suggesting preventive measures.
Liaising with clients, business partners, auditors and vendors.
Age: Between 25 to 35 Years.",
Accountant,Chem Academy Pvt. Ltd.,"New Delhi, Delhi",EmployerActive 2 days ago,2021-12-15,"Having minimum 2 to 3 years experience in the field of accounts and Knowledge of Tally, Excel, GST, TDS , Income Tax.","₹13,000 - ₹16,000 a month"
Junior Accountant,SHIVANGI GROUP OF MANAGEMENT,"Saket, Delhi",EmployerActive 2 days ago,2021-12-15,"Candidate Must Have Experience In GST Filing Tally Accounting Software Knowledge Of Accounting Work GST ,TDS & Income Tax Return Proficient In MS Excel.*.","₹15,000 - ₹20,000 a month"
Junior Accountant,Mediators,"New Delhi, Delhi",EmployerActive 9 days ago,2021-12-15,"Education qualification BCom with 2 to 3 years’ experience.
Proficiency in working on Tally, Excel, Word and Outlook software for:","₹15,000 - ₹23,000 a month"
new,Crossover,"New Delhi, Delhi•Remote",Posted6 days ago,2021-12-15,"You want to directly work on financial reports for a complex multinational business - and make the complex seem simple.
Spending all day doing data entry.","₹3,50,000 a month"
Semi Senior Accountant,Bizcon Services LLP,"New Delhi, Delhi",EmployerActive 8 days ago,2021-12-15,"Direct Taxation including filing of ITR.
Tax planning and preparation of payslips.
Job Types: Full-time, Contract.
Total work: 3 years (Preferred).","₹15,000 - ₹20,000 a month"
Trainee Chartered Accountant,client of Hummingsun,"Delhi, Delhi",Posted15 days ago,2021-12-15,Manage day to day activity of office.,"₹6,00,000 a year"
Accountant,Maisha Infotech Private Limited,"Delhi, Delhi",Posted24 days ago,2021-12-15,"> Preparing accounts and tax returns.
> Manage all accounting transactions .
> Reconcile accounts payable and receivable.
> compiling and presenting reports,.","₹12,000 - ₹15,000 a month"
Junior Accountant,"Cheenti, a division of Elixir Web Solutions","Okhla, Delhi, Delhi•Temporarily Remote",Posted30+ days ago,2021-12-15,"Proven experience as a junior accountant.
Assist senior accountants in the preparation of monthly/yearly closings.
Prepare and submit weekly/monthly reports.","₹9,000 - ₹11,000 a month"
new,EY,"Gurgaon Road, Delhi",Posted1 day ago,2021-12-15,"EY is looking for Consultants / Senior Consultants to join the Fraud Investigation and Dispute Services team.
You will execute / lead client engagements related…",
Accountant,Centre for Sight,"Delhi, Delhi",Posted30+ days ago,2021-12-15,"Desired Profile B. Com/M.
Com/MBA (Finance), 3+ years experience, well versed with Tally/ERP systems, accounting processes; preferably hospital background.",
Operations Controller,Air Liquide,"New Delhi, Delhi",Posted30+ days ago,2021-12-15,His/her main contribution and accountabilities will be: To conduct relevant analysis to obtain a clear understanding of the events and trends of operational and…,
Financial Accountant,Ismart Technology,"Delhi, Delhi",Posted26 days ago,2021-12-15,"We require a full time accountant to manage our account.
Job Types: Full-time, Walk-In.
Total work: 2 years (Preferred).","₹8,000 - ₹15,000 a month"
Accountant,Link Autotech,"Mayapuri Shopping Centre, Delhi",Posted30+ days ago,2021-12-15,"Com with 5-7 years of experience in day to day accounting at production centers.
Should be able to work on ERP.",
Senior Accountant,KSS ENTERPRISES,"Patel Nagar, Delhi, Delhi+1 location",Posted30+ days ago,2021-12-15,"Ensures the integrity of accounting information by recording, verifying, consolidating, and entering transactions.
Bachelor’s degree in accounting or finance.","₹20,000 - ₹38,204 a month"
Senior Accountant,Legal Raasta,"Pitampura, Delhi",Posted30+ days ago,2021-12-15,"Skills :Qualification: Minimum Bachelors (B.Com), Experience: Minimum 8-10 years (same field), should have 5-10 years’ experience of CA firm (CA firm candidate…",
new,HARYANA PLACEMENT SERVICES,"Pitampura, Delhi",PostedToday,2021-12-15,"Prepare customer Invoices, Receipt reconciliations, Billing as per client Agreement.
Quarterly reconciliation of 26AS tax credit with customer ledgers, balance…","₹20,000 - ₹30,000 a month"
Accountant cum Admin Executive,Career Strategy Solutions,"Delhi, Delhi",Posted18 days ago,2021-12-15,"Communication skills should be good.
Knowledge of MS Office (specially outlook) is a must.","₹16,000 - ₹20,000 a month"
Financial Controller,House Of Candy (Samkan Products Pvt. Ltd.),"Kalkaji Devi, Delhi+1 location",Posted30+ days ago,2021-12-15,"Manage all accounting operations including Billing, A/R, A/P, GL and Counsel, Cost Accounting, Inventory Accounting, and Revenue Recognition.",
Accountant,concept makerz,"New Delhi, Delhi",Posted30+ days ago,2021-12-15,Managing the record of all accounts and presenting it time to time when asked would be everything he should focus upon.,
Chartered Accountant,Sunil Bhargava Associates,"Delhi, Delhi",Posted28 days ago,2021-12-15,"Responsible for carrying out Audits.
Preparation of relevant data and costing financial Audit and other professional assignments of the firm under guidance of…","₹25,000 - ₹45,000 a month"
Accountant,Jari Saree Centre India Pvt. Ltd.,"New Delhi, Delhi",Posted30+ days ago,2021-12-15,"Job Types: Full-time, Walk-In.
Total work: 1 year (Preferred).","₹10,000 - ₹12,000 a month"
Site Accountant,NKG Infrastructure,"New Delhi, Delhi",Posted30+ days ago,2021-12-15,"Maintaining and Reconciliation of daybook, employees, vendors and contractors account ledgers.
Head wise voucher/journal entries and general ledger.","₹3,00,000 - ₹4,00,000 a year"
Tax Analyst,Boston Consulting Group,"New Delhi, Delhi",Posted30+ days ago,2021-12-15,Assist the Tax Senior Manager in managing tax and compliance issues for the Asia Pacific region (includes 13 countries) which includes but are not limited to:,
Assistant Accountant,Sona Construction Technologies Pvt Ltd,"Delhi, Delhi",Posted30+ days ago,2021-12-15,Basic knowledge of accounts and have relevant skills.,"₹10,000 - ₹12,000 a month"
new,Invest My Funds,"Delhi, Delhi",Posted5 days ago,2021-12-15,"The Team has a wide range of experience in the field of Investment Planning, Mutual Funds, Insurance, General Insurance, Govt Schemes, NBFC’s and Tax Planning.","₹8,000 a month"
Senior Accountant,StanQuad,"Delhi, Delhi",Posted30+ days ago,2021-12-15,"Thorough knowledge of basic accounting procedures and principles.
Experience with creating financial statements.
Accuracy and attention to detail.",
Chartered Accountant,Cosage Advisors,"New Delhi, Delhi",Posted30+ days ago,2021-12-15,"Job Types: Full-time, Walk-In.","₹15,000 - ₹44,914 a month"
"Senior Accountant(Gandhi Nagar,Delhi)",Maps Creation Pvt Ltd,"Delhi, Delhi",Posted30+ days ago,2021-12-15,"Candidate preferred from nearest locations*.
Working schedule: Tuesday to Sunday (Monday off), 9:30 am to 7pm *.
Experience with computerized ledger systems.","₹3,00,000 - ₹3,50,000 a year"
Financial Analyst,A.P.T. Portfolio,"Delhi, Delhi+1 location•Remote",Posted12 days ago,2021-12-15,"Preparation of financial statements, including half yearly and annual accounts.
Prepare and maintain the accounting records, voucher creation, bank…",
Accountant,Chem Academy Pvt. Ltd.,"New Delhi, Delhi",Posted30+ days ago,2021-12-15,"Having minimum 2 to 3 years experience in the field of accounts and Knowledge of Tally, Excel, GST, TDS , Income Tax.","₹13,000 - ₹16,000 a month"
Junior Accountant,Proactive Consultants & Services,"New Delhi, Delhi",Posted11 days ago,2021-12-15,"Handle monthly, quarterly and annual closings.
Reconcile accounts payable and receivable.
Good knowledge of BUSY Software.","₹15,000 - ₹18,000 a month"
Senior Accountant,TheRaveesh SuperStore,"New Delhi, Delhi",Posted25 days ago,2021-12-15,"Prepare balance sheets, profit, and loss statements, and other financial reports.
Reports organization's finances to management and offers suggestions about…","₹12,552 - ₹20,000 a month"
CA - Inter - Accountant,Jobwala99.in,"New Delhi, Delhi",Posted19 days ago,2021-12-15,"Responsible for daily, weekly and month end account activities.
Preparation of debtors and creditors statements on weekly basis.
Job Types: Full-time, Contract.","₹12,000 - ₹25,000 a month"
Greater Noida-Accountant(Busy software knowledge is mandator...,Fujiyama Power Systems Pvt.Ltd,"Delhi, Delhi",Posted30+ days ago,2021-12-15,"Having 2-3 years experience in Excel, Knowledge of Income Tax, GST, TDS, TCS, Company Act etc .","₹17,000 - ₹20,000 a month"
Senior International Accountant,PATH,"New Delhi, Delhi",Posted30+ days ago,2021-12-15,The Accounting division is responsible for driving all activities related to PATH's accounting and financial functions and ensures compliance with generally…,
Accountant,KAUSHAL ELECTRICAL AND ENGINEERING,"Delhi, Delhi",Posted30+ days ago,2021-12-15,"Perform monthly, quarterly and annual accounting activities including reconciliations of bank and credit card accounts, coordination and completion of annual…","₹20,000 - ₹22,000 a month"
Senior Executive - Finance & Accounts,I.P. Pasricha and Co.,"Delhi, Delhi",Posted26 days ago,2021-12-15,"Prior experience: * 2 – 4 years of experience in Accounting.
Expected Salary Range : * upto 25K.
Important Technical Skills : * Accounting in Tally, Banking…","₹24,000 a month"
Senior Accountant,ABBOTT FAB,"Delhi, Delhi",Posted13 days ago,2021-12-15,"Job Types: Full-time, Volunteer.
Total work: 1 year (Preferred).
A/R Analysis: 1 year (Preferred).","₹10,000 - ₹15,000 a month"
Greater Noida-Accountant(Busy software knowledge is mandator...,Fujiyama Power Systems Pvt.Ltd,"Delhi, Delhi",Posted30+ days ago,2021-12-15,"Having 2-3 years experience in Excel, Knowledge of Income Tax, GST, TDS, TCS, Company Act etc .","₹17,000 - ₹20,000 a month"
Accountant Assistant,MANTRA IAS,"Delhi, Delhi•Temporarily Remote",Posted30+ days ago,2021-12-15,"Should have sound knowledge of Basic Taxation.
Part-time hours: 20 per week.
Job Types: Part-time, Freelance, Fresher.
Total work: 1 year (Preferred).","₹35,000 a month"
Head Finance & Accounts Internship,Crypto Mize,"Delhi, Delhi",Posted28 days ago,2021-12-15,"Apply for Head Finance & Accounts Internship in Delhi.
Head Finance & Accounts Internship in Delhi at CryptoMize - Check Out Head Finance & Accounts Internship…",
Manager – Finance Projects,CAF India,"New Delhi, Delhi",Posted30+ days ago,2021-12-15,CAF network across the world harnesses local knowledge and expertise to design and deliver solutions specifically for donors and the cause or communities they…,
Chartered Accountant,Cosage Advisors,"New Delhi, Delhi",Posted30+ days ago,2021-12-15,"Job Types: Full-time, Walk-In.","₹15,000 - ₹44,914 a month"
Accountant Busy Operator,Bluei,"Delhi, Delhi",Posted14 days ago,2021-12-15,"Good Command Over Ms Excel.
Experience with general ledger functions.
Strong attention to detail and good analytical skills.
Total work: 1 year (Preferred).","₹16,000 - ₹18,000 a month"
new,Invest My Funds,"Delhi, Delhi",Posted5 days ago,2021-12-15,"The Team has a wide range of experience in the field of Investment Planning, Mutual Funds, Insurance, General Insurance, Govt Schemes, NBFC’s and Tax Planning.","₹8,000 a month"
Accountant cum Admin Executive,Career Strategy Solutions,"Delhi, Delhi",Posted18 days ago,2021-12-15,"Communication skills should be good.
Knowledge of MS Office (specially outlook) is a must.","₹16,000 - ₹20,000 a month"
Chartered Accountant,Kumar Mittal & Co,"Delhi, Delhi",Posted19 days ago,2021-12-15,"Job Types: Full-time, Fresher.
Total work: 1 year (Preferred).","₹20,000 - ₹30,000 a month"
Senior Accountant,TheRaveesh SuperStore,"New Delhi, Delhi",Posted25 days ago,2021-12-15,"Prepare balance sheets, profit, and loss statements, and other financial reports.
Reports organization's finances to management and offers suggestions about…","₹12,552 - ₹20,000 a month"
Business Controller,Eurofins Central Laboratory,"Delhi, Delhi",Posted30+ days ago,2021-12-15,"Create business plans of the company/business unit.
 Spearhead the preparation of Annual Budget of the company and ability to analyze various heads of…",
new,Crossover,"New Delhi, Delhi•Remote",Posted6 days ago,2021-12-15,"You want to directly work on financial reports for a complex multinational business - and make the complex seem simple.
Spending all day doing data entry.","₹3,50,000 a month"
Head Accountant,infinity jobs,"Delhi, Delhi",Posted30+ days ago,2021-12-15,"Make monthly P/L for owners.
Compiled data for the C.A.","₹3,00,000 - ₹5,00,000 a year"
Accountant,Centre for Sight,"Delhi, Delhi",Posted30+ days ago,2021-12-15,"Desired Profile B. Com/M.
Com/MBA (Finance), 3+ years experience, well versed with Tally/ERP systems, accounting processes; preferably hospital background.",
Senior International Accountant,PATH,"New Delhi, Delhi",Posted30+ days ago,2021-12-15,The Accounting division is responsible for driving all activities related to PATH's accounting and financial functions and ensures compliance with generally…,
Junior Accountant,Proactive Consultants & Services,"New Delhi, Delhi",Posted11 days ago,2021-12-15,"Handle monthly, quarterly and annual closings.
Reconcile accounts payable and receivable.
Good knowledge of BUSY Software.","₹15,000 - ₹18,000 a month"
Manager,Talent Leads HR Solutions,"New Delhi, Delhi",Posted8 days ago,2021-12-15,"Exposure in IND AS / working with NAVISION software / Retail experience will be an added advantage.
Team Management –Manage ,lead and guid a team driving…","₹20,00,000 - ₹22,50,000 a year"
Jr. Accountant,Novus Green,"Delhi, Delhi",Posted30+ days ago,2021-12-15,"Book keeping entries to proper accounts.
Studying the reports given by auditors and CA and submitting them to the management.
Maintaining the status of funds.",
Site Accountant,NKG Infrastructure,"New Delhi, Delhi",Posted30+ days ago,2021-12-15,"Maintaining and Reconciliation of daybook, employees, vendors and contractors account ledgers.
Head wise voucher/journal entries and general ledger.","₹3,00,000 - ₹4,00,000 a year"
Cost Accountant,SR Expert Services,"Barakhamba, Delhi, Delhi",Posted30+ days ago,2021-12-15,"Key Skills Good Communication Cost Accountant accountant Account Assistant.
Cost accounting, cost analysis, raw material data collection determine costs…","₹1,00,000 - ₹3,50,000 a year"
Senior Accountant,Legal Raasta,"Pitampura, Delhi",Posted30+ days ago,2021-12-15,"Skills :Qualification: Minimum Bachelors (B.Com), Experience: Minimum 8-10 years (same field), should have 5-10 years’ experience of CA firm (CA firm candidate…",
Chartered Accountant,MATRIX INFOSYSTEMS PRIVATE LIMITED,"New Delhi, Delhi",Posted26 days ago,2021-12-15,"Manage financial systems and budgets undertake financial audits (an independent check of an organisation's financial position).
Job Types: Full-time, Walk-In.","₹4,00,000 - ₹7,00,000 a year"
Accountant,SR Expert Services,"Karol Bagh, Delhi, Delhi",Posted30+ days ago,2021-12-15,"Qualification - B.com / M.com / MBA.
Manage all accounting operations based on accounting principles.
Prepare budget and financial forecasts.",
Manager Taxation,SSRA & Co.,"New Delhi, Delhi",Posted25 days ago,2021-12-15,"(Knowledge of Direct and indirect taxation).
Experience required minimum 2 to 3 yrs.
Job Types: Full-time, Walk-In.
Tax accounting: 1 year (Preferred).",
Sr. Sales Executive-LIGHT COMMERCIAL VEHICLE-Retail Sales,Kotak Mahindra,"Delhi, Delhi",Posted12 days ago,2021-12-15,"Credit appraisal including financial analysis to understand the solvency, liquidity position and repayment capacity of the entity, preparation of appraisal…",
Junior Accountant,Taxmanager.in,"Delhi, Delhi",Posted30+ days ago,2021-12-15,"Responsible for maintaining the documents related to filing.
Job Types: Full-time, Walk-In.
All employees are required to wear mask, sanitation.","₹15,000 a month"
new,Crossover,"New Delhi, Delhi•Remote",Posted6 days ago,2021-12-15,"You want to directly work on financial reports for a complex multinational business - and make the complex seem simple.
Spending all day doing data entry.","₹3,50,000 a month"
Junior Accountant,Taxmanager.in,"Delhi, Delhi",Posted30+ days ago,2021-12-15,"Responsible for maintaining the documents related to filing.
Job Types: Full-time, Walk-In.
All employees are required to wear mask, sanitation.","₹15,000 a month"
Accountant,New Light Electric,"Subzi Mandi, Delhi",Posted30+ days ago,2021-12-15,"Should be well versed in Tally and can handle taxation, banking, filing returns, reconciliation, audit,.",
Associate/ Senior Associate - Corporate Advisory,SCV & CO. Chartered Accountants,"South Malviya Nagar, Delhi",Posted30+ days ago,2021-12-15,Knowledge of FEMA will be an added advantage.,
Accountant,RAC Technologies,"New Delhi, Delhi",Posted30+ days ago,2021-12-15,"Self motivated and Highly Enthusiastic Candidate, with fundamental understanding of MS Word, MS Excel.
Atleast 1 year in accounting (Working knowledge of Tally)…",
URGENTLY HIRING FOR INTERNAL AUDITOR,BMRJ CORPORATE ADVISORS,"Delhi, Delhi",Posted30+ days ago,2021-12-15,"Performing the full audit cycle including risk management and control management over operations’ effectiveness, financial reliability and compliance with all…",
Associate - Risk Advisory,SCV & CO. Chartered Accountants,"South Malviya Nagar, Delhi",Posted30+ days ago,2021-12-15,Job Description - Handling internal audits. Interested candidates may apply with their CV to hr@scvindia…,
Sr. Associate/ Assistant Manager - Direct tax,SCV & CO. Chartered Accountants,"South Malviya Nagar, Delhi",Posted30+ days ago,2021-12-15,"Handling overall Direct tax matters including assessments, appeals and other compliances.
Knowledge of International taxation or Transfer Pricing will be an…",
Senior chartered accountant,Promotional Club,"New Delhi, Delhi",Posted9 days ago,2021-12-15,"Can travel easily , preference will be given to those who lives in noida or nearby area.
Implement accounting systems and processes.",
Assistant Accountant,Career Net Solutions,"New Delhi, Delhi",Posted20 days ago,2021-12-15,"Require to make entry of sales and purchase in TALLY on daily basis.
To manage functions like order processing , invoicing and preparing quotations for…","₹10,000 - ₹15,000 a month"
Accountant Internship,Crypto Mize,"Delhi, Delhi",Posted28 days ago,2021-12-15,"Accountant Internship in Delhi at CryptoMize - Check Out Accountant Internship to the accuracy of financial statements for individuals, companies, and…",
Accountant,Kislay Group,"New Delhi, Delhi",Posted30+ days ago,2021-12-15,"B.Com having knowledge of company accounting, can work on Tally with experiences of preparing VAT Returns, Bank Reconcilliation, TDS, Service Tax Return, etc.",
Chartered Accountant - Australian Accounting & Tax,AJH-Consulting LLP,"New Delhi, Delhi",Posted30+ days ago,2021-12-15,"Finalisation of Balance Sheet and Profit & Loss Account and.
Preparation of Individual and Business Tax Returns.","₹1,50,000 - ₹3,00,000 a year"
ACCOUNTANT,Tekzilver,"Delhi, Delhi",Posted30+ days ago,2021-12-15,You will also be responsible to ensure we are in 100% compliance to all government regulations.,
Assistant Accountant,SRP GROUP OF COMPANIES,"New Delhi, Delhi",Posted30+ days ago,2021-12-15,"Candidate must have experience with Tally ERP, VAT filings, sales/purchase entries, debtor/creditor reconciliation.",
AGM-Fin Ops (P2P),Vodafone Idea,"New Delhi, Delhi",Posted30+ days ago,2021-12-15,"Monthly review and validation of Infra bills along with deductions in close co-ordination with NW and IP.
To ensure smooth Finance Operations at Circle along…",
Accountant,Child Care & Development Foundation (CCDF),Delhi,Posted30+ days ago,2021-12-15,"Experience: Candidate must have more than 2 years of experience in accounting. Qualification: B.Com / M.Com Other Skills: Filing and record keeping skill,…",
Chartered Accountant,MATRIX INFOSYSTEMS PRIVATE LIMITED,"New Delhi, Delhi",Posted26 days ago,2021-12-15,"Manage financial systems and budgets undertake financial audits (an independent check of an organisation's financial position).
Job Types: Full-time, Walk-In.","₹4,00,000 - ₹7,00,000 a year"
Accountant (Male),infinity jobs,"Delhi, Delhi+1 location",Posted30+ days ago,2021-12-15,"Good knowledge of Tally, MS-Office, Sales Tax & TDS.
Responsibility Need to maintain the Balance sheet.
Need to maintain the accounts of company.","₹1,80,000 - ₹3,00,000 a year"
Accounting Data Analyst - India Remote,Revolut,"New Delhi, Delhi•Remote",Posted30+ days ago,2021-12-15,"We are looking for exceptional Accounting Data Analyst to create, reconcile and manage critical accounting data sets and ledgers using best in class data…",
Chartered Accountant,D. Batra & Co.,"New Delhi, Delhi",Posted30+ days ago,2021-12-15,"Need a Qualified/Semi-Qualified CA having expert knowledge of ROC Compliances.
The applicant must also have knowledge of Tax Audits.","₹30,000 - ₹50,000 a month"
Internal Auditor,Rrayze Business Solutions,"New Delhi, Delhi",Posted18 days ago,2021-12-15," Perform and control the full audit cycle including risk management and control management over operations’ effectiveness, financial reliability and compliance…",
Executive/Senior Executive – Assurance,Mazars,"New Delhi, Delhi",Posted30+ days ago,2021-12-15,"Type of contract: Full Time.
To deliver professional services of the highest standard, through the supervision and organisation of staff and the performance of…",
Head Accountant,infinity jobs,"Delhi, Delhi",Posted30+ days ago,2021-12-15,"Make monthly P/L for owners.
Compiled data for the C.A.","₹3,00,000 - ₹5,00,000 a year"
Senior Accountant,Panther planner,"Delhi, Delhi•Remote",Posted24 days ago,2021-12-15,We are looking for an experienced Senior account executive to manage our account portfolio and supervise our account executives team.,"₹20,000 - ₹25,000 a month"
Assistant Manager - Accounts,CaaStle,"Delhi, Delhi",Posted30+ days ago,2021-12-15,"Manage and oversee the daily operations of the accounting department.
Monitor and analyze accounting data and produce financial reports or statements.",
Chief Accountant,infinity jobs,Delhi,Posted30+ days ago,2021-12-15,"Full Knowledge of Accounting procedures, Ledgers , Taxation etc.
Should be able to capable of deriving satisfactory performance from others.","₹60,000 a month"
Assistant Manager – Assurance,Mazars,"New Delhi, Delhi",Posted30+ days ago,2021-12-15,"Type of contract: Full Time.
Should be CA and must have strong knowledge of auditing and accounting standards.
Audit planning, execution and finalization.",
Accountant ( Clinic Work - Female),Dr. Nivedita Dadu's Dermatology Clinic,"Tatarpur, Delhi+1 location",Posted30+ days ago,2021-12-15,"Reviewing bills and claims for accurate information at dermatologic clinic.
In addition, health care accountants need solid interpersonal skills to work…",
Unit Finance Controller,Lesiure Hotels,"Delhi, Delhi",Posted30+ days ago,2021-12-15,"To administer, control and develop the accounting function of the Hotel on the basis of the uniform system of accounts and to protect the owners interest in the…",
Sr. Associate/ Assistant Manager - Direct tax,SCV & CO. Chartered Accountants,"South Malviya Nagar, Delhi",Posted30+ days ago,2021-12-15,"Handling overall Direct tax matters including assessments, appeals and other compliances.
Knowledge of International taxation or Transfer Pricing will be an…",
Unit Finance Controller,Lesiure Hotels,"Delhi, Delhi",Posted30+ days ago,2021-12-15,"To administer, control and develop the accounting function of the Hotel on the basis of the uniform system of accounts and to protect the owners interest in the…",
Sr. Associate/ Assistant Manager - Direct tax,SCV & CO. Chartered Accountants,"South Malviya Nagar, Delhi",Posted30+ days ago,2021-12-15,"Handling overall Direct tax matters including assessments, appeals and other compliances.
Knowledge of International taxation or Transfer Pricing will be an…",
Tally Accountant cum Cashier required in Ghaziabad.,Jobs planner,"Delhi, Delhi",Posted22 days ago,2021-12-15,He/She must be good in Tally.,
new,EY,"Gurgaon Road, Delhi",Posted5 days ago,2021-12-15,"EY is looking for Consultant in Transfer Pricing.
Preparing transfer pricing documentation reports.
Develop specialized competence and begin to attract…",
Chartered Accountant,NKG Infrastructure,"New Delhi, Delhi",Posted30+ days ago,2021-12-15,"Assessing financial risks and suggesting preventive measures.
Liaising with clients, business partners, auditors and vendors.
Age: Between 25 to 35 Years.",
Urgent Hiring for Chartered Accountants in Delhi,DABS India Consultancy,"New Delhi, Delhi",Posted29 days ago,2021-12-15,"Assessing financial risks and suggesting preventive measures.
Liaising with clients, business partners, auditors and vendors.
Total work: 1 year (Required).","₹30,000 - ₹50,000 a month"
Finance manager,IPSA,"Delhi, Delhi",Posted30+ days ago,2021-12-15,"Timely and qualititative preparation and submission of financial reports to the management.
Compile, review and analyse monthly, quarterly and full year…",
Accountant,Sea Bird Refrigeration Pvt. Ltd.,"Patparganj, Delhi, Delhi",Posted30+ days ago,2021-12-15,"Have experience in handling Tally 9 Modules.
Inventory Management-Bill of Materials, sales invoicing including point-of-sale billing sales & purchase order…",
Chartered Accountant-Assistant/Deputy General Manager – Fina...,Mask Manpower,"Delhi, Delhi",Posted30+ days ago,2021-12-15,"Overall review of Accounts on regular basis, to ensure that they are error fee and complete.
Preparation of financials of the company/non-company assesses in…","₹15,00,000 a year"
new,EY,"Gurgaon Road, Delhi",Posted5 days ago,2021-12-15,"Senior Consultant- Internal Audit (Insurance).
EY is looking for a Senior Consultant in the Internal Audit- Insurance team.",
Accountant,infinity jobs,Delhi+1 location,Posted30+ days ago,2021-12-15,"Education: Bachelor’s or master’s degree in tax, accounting, or finance.
No. of working days: 6 days (Monday off).","₹15,000 - ₹20,000 a month"
Associate/ Senior Associate - Corporate Advisory,SCV & CO. Chartered Accountants,"South Malviya Nagar, Delhi",Posted30+ days ago,2021-12-15,Knowledge of FEMA will be an added advantage.,
Junior Accountant,Talent futures services,"Delhi, Delhi",Posted23 days ago,2021-12-15,"\*For Fresher 6 k stipend and after 3 month's 12-15k\*.
\*For Minimum 1 year exp 12-15 k\*.
Job Types: Full-time, Fresher, Walk-In.","₹6,000 - ₹15,000 a month"
Financial Controller,Srijan Technologies PVT LTD,"Delhi, Delhi",Posted30+ days ago,2021-12-15,"In recent years Srijan has diversified into i) Data Engineering using NodeJS and Python, ii) Data Science - Analytics and Machine Learning and iii) API…",
Analyst II - RCOE Job,Boston Scientific Corporation,"New Delhi, Delhi",Posted30+ days ago,2021-12-15,"Flexible and able to adapt in a growing Reporting & Analytics CoE team, focused on delivering high performance results.",
"Manager, Accounting",Room to Read,"New Delhi, Delhi",Posted30+ days ago,2021-12-15,"Reporting to the Associate Director, Accounting, the Manager Accounting, will help drive effective and accurate financial processes at Room to Read adhering to…",
Staff Accountant,Unnati,"Delhi, Delhi",Posted30+ days ago,2021-12-15,"Our team of expert accountants have extensive knowledge in all tax and accounting related matters.
Staff Accountant | Insta CA | Delhi.
What you will be doing:",
Senior Accountant,infinity jobs,Delhi+1 location,Posted30+ days ago,2021-12-15,"Skills As per JD mentioned below.
Responsibility As per JD mentioned below.
Education: Graduate / Post-Graduate - Commerce.
Service Tax / Vat / Income Tax.","₹25,000 - ₹30,000 a month"
Manager- Technical Accounting,KPMG,Delhi,Posted30+ days ago,2021-12-15,"Experience of financial reporting and from a reputed organization.
Past working experience in accounting would be an added advantage.",
new,EY,"Gurgaon Road, Delhi",Posted5 days ago,2021-12-15,"Associate Consultant, Consultant - Risk Advisory Services.
The objective of our advisory risk services is to provide clients with a candid and reliable overview…",
Accountant,MVN Financial Advisory Private Limited,"New Delhi, Delhi",Posted15 days ago,2021-12-15,"We are looking for an Accountant to manage all financial transactions, from fixed payments and variable expenses to bank deposits and budgets.","₹15,000 - ₹25,000 a month"
Chartered Accountant,Nifara Travels & Tours Pvt. Ltd.,"Delhi, Delhi",Posted30+ days ago,2021-12-15,"The salary offered will depend on your skills, experience and performance in the interview.
Assessing financial risks and suggesting preventive measures.","₹15,000 - ₹20,000 a month"
Chartered Accountant,B N AGRITECH LTD,"Delhi, Delhi",Posted15 days ago,2021-12-15,"Preparing financial statements and monthly and annual accounts.
Maintaining accounting records and preparing accounts information.",
Senior Accountant,Panther planner,"Delhi, Delhi•Remote",Posted24 days ago,2021-12-15,"Hiring In Delhi (Pachim Vihar)*.
We are looking for an experienced Senior account executive to manage our account portfolio and supervise our account executives…","₹20,000 - ₹25,000 a month"
Tally Accountant cum Cashier required in Ghaziabad.,Jobs planner,"Delhi, Delhi",Posted22 days ago,2021-12-15,"We are looking for Tally Operator cum Cashier for an institute located in Ghaziabad Indirapuram.
He/She must be good in Tally.
Salary is upto 12to 15k.",
Senior Accountant (Male),infinity jobs,Delhi,Posted30+ days ago,2021-12-15,"Qualfication Graduate / Post-Graduate in Commerce Stream.
Skills As per JD mentioned below.
Responsibility As per JD mentioned below.","₹25,000 - ₹30,000 a month"
Financial Controller,Agriculture and Organic Farming Group India,"Delhi, Delhi",Posted30+ days ago,2021-12-15,"For coordinating finance, cashflow, salary payments and executing business plans, Zameen Organic Pvt. Ltd is looking for a Financial Controller.",
Junior Accountant,Talent futures services,"Delhi, Delhi",Posted23 days ago,2021-12-15,"Hiring for \*Junior Accountant\* -11:00 am to 8pm\*.
\*For Fresher 6 k stipend and after 3 month's 12-15k\*.
\*For Minimum 1 year exp 12-15 k\*.","₹6,000 - ₹15,000 a month"
GM-Cluster Tax & Regulatory Lead,Vodafone Idea,"New Delhi, Delhi",Posted30+ days ago,2021-12-15,"Cluster Tax & Regulatory Compliance Lead.
The Cluster Tax & Regulatory Lead will be responsible for providing Tax compliance and support Corp /SSC Tax teams for…",
new,Crossover,"New Delhi, Delhi•Remote",Posted6 days ago,2021-12-15,"Managing a team of more junior accountants.
Are you an experienced, ambitious Finance & Accounting professional who is eager to deepen your international…","₹3,50,000 a month"
BI&A Senior Analyst,Boston Consulting Group,"New Delhi, Delhi",Posted20 days ago,2021-12-15,"You will be responsible for managing & delivering on responsibilities related to financial reporting and analytics needs, using relevant data tools, reporting…",
Store Supervisor ( Male ) Cum Accountant,Connect 4 Resources,"Mehrau;I, Delhi",Posted30+ days ago,2021-12-15," Responsible for handling complete store inventory system.
 Stocking, indenting, checking of material received as per specifications.","₹2,00,000 - ₹3,00,000 a year"
Female Chartered Accountant,Legal Raasta,"Pitampura, Delhi",Posted30+ days ago,2021-12-15,"Skills :Qualification: Qualified Chartered Accountant, Experience: Minimum 1-2 years , should have done 3.5 yrs Articleship from CA Firm and currently working…",
Chartered Accountant,B N AGRITECH LTD,"Delhi, Delhi",EmployerActive 9 days ago,2021-12-15,"Preparing financial statements and monthly and annual accounts.
Maintaining accounting records and preparing accounts information.",
sales executive,Talent Zone Consultants,"Delhi, Delhi",Posted30+ days ago,2021-12-15,"Achieve Business Plans, Productivity, and Profitability By Ensuring Lead Generation & Conversion for Investment Into Finzy Loans.","₹7,00,000 - ₹12,00,000 a year"
Jr. Accountant,infinity jobs,"Delhi, Delhi",Posted30+ days ago,2021-12-15,"Industry Type: Hotel (3 star Property).
Should have good knowledge of Tally Accounting Software & MS Excel;
Should have good knowledge of Accounting Entries;","₹14,000 - ₹17,000 a month"
URGENTLY HIRING FOR INTERNAL AUDITOR,BMRJ CORPORATE ADVISORS,"Delhi, Delhi",EmployerActive 2 days ago,2021-12-15,"Performing the full audit cycle including risk management and control management over operations’ effectiveness, financial reliability and compliance with all…",
Accountant – Male/Female,Koshda Buildcon,"Delhi, Delhi",Posted30+ days ago,2021-12-15,"Job Function Accounting/Tax/Company Secretary/Audit,Administration,Fresh Graduate-No Functional Area exp.
The candidate should have prior experience in tele…",
Manager,Talent Leads HR Solutions,"New Delhi, Delhi",Posted8 days ago,2021-12-15,"Exposure in IND AS / working with NAVISION software / Retail experience will be an added advantage.
Team Management –Manage ,lead and guid a team driving…","₹20,00,000 - ₹22,50,000 a year"
Job Description,Dewan P. N. Chopra & Co,"Delhi, Delhi",Posted30+ days ago,2021-12-15,"Amongst best in industry commensurate with expertise & experience.
The candidate will work closely with the Senior Management of Clients & Partners of the Firm…","₹6,00,000 a year"
new,Boston Scientific Corporation,"New Delhi, Delhi",Posted4 days ago,2021-12-15,"Provide customer service support to regional end users regarding PO and Supplier Enablement and Helpdesk escalations.
Resolve escalated issues with PO requests.",
new,EY,"Gurgaon Road, Delhi",Posted5 days ago,2021-12-15,"Our solutions can be used by our clients to build confidence and trust with their customers, the overall market and when required by regulation or contract.",
Accountant Internship,Crypto Mize,"Delhi, Delhi",Posted28 days ago,2021-12-15,"Accountant Internship in Delhi at CryptoMize - Check Out Accountant Internship to the accuracy of financial statements for individuals, companies, and…",
Treasury and Tax Product Owner - Senior Manager,Boston Consulting Group,"New Delhi, Delhi",Posted30+ days ago,2021-12-15,"The Treasury and Tax Product Owner takes end-to-end ownership of the squad goals, sets the products roadmap across the relevant Applications and drives value…",
new,EY,"Gurgaon Road, Delhi",Posted5 days ago,2021-12-15,"Our solutions can be used by our clients to build confidence and trust with their customers, the overall market and when required by regulation or contract.",
Senior Manager – Assurance,Mazars,"New Delhi, Delhi",Posted30+ days ago,2021-12-15,"Type of contract: Full Time.
8-12 yrs post qualification.
Must have strong knowledge of Indian accounting standards.
Must have reasonable knowledge of IFRS.",
Relationship Manager-COMPOSITE BANKING SOLUTIONS-Corporate L...,Kotak Mahindra,"Delhi, Delhi",Posted11 days ago,2021-12-15,Coverage of the investor community - Private Equity and Venture Capitalists to source clients from Investee company universe - liability customers/start-ups/New…,
Associate Accountant,Sahara equity,"Delhi, Delhi•Remote",Posted30+ days ago,2021-12-15,"Accounting experience of at least 2 years.
Must be familiar with Quickbooks.
Must be proficient with account payables, receivables, and transaction verification…","₹25,000 - ₹35,000 a month"
new,EY,"Gurgaon Road, Delhi",Posted5 days ago,2021-12-15,"The multi-layered indirect tax levied both at the Central and State level in India is extremely complex and dynamic.
Skills and attributes for success.",
"Associate Vice President, Valuation Services",Kroll,"New Delhi, Delhi",Posted30+ days ago,2021-12-15,"In a world of disruption and increasingly complex business challenges, our professionals bring truth into focus with the Kroll Lens.",
Relationship Manager,infinity jobs,Delhi,Posted30+ days ago,2021-12-15,"Skills As per JD mentioned below.
Responsibility As per JD mentioned below.
Experience: 0 - 4 years (Fresher can apply).
Shift Timings: 10 a.m to 6.30 p.m.","₹10,000 - ₹25,000 a month"
Manager/Senior Manager-Internal Audit,Michael Page IN,"Delhi, Delhi",Posted30+ days ago,2021-12-15,"Working for one of the top consultancy firms.
Competitive Pay and Opportunity for Growth.
Our Client is one of the top consultancy firms.",
Manager- Technical Accounting,KPMG,Delhi,Posted30+ days ago,2021-12-15,"Experience of financial reporting and from a reputed organization.
Past working experience in accounting would be an added advantage.",
new,Barclays,"Delhi, Delhi",Posted6 days ago,2021-12-15,Qualified Chartered accountant with 1-2 years post qualification audit experience in a reputed firm / MBA Financewith relevant work experience.,
GM-Cluster Tax & Regulatory Lead,Vodafone Idea,"New Delhi, Delhi",Posted30+ days ago,2021-12-15,"Cluster Tax & Regulatory Compliance Lead.
The Cluster Tax & Regulatory Lead will be responsible for providing Tax compliance and support Corp /SSC Tax teams for…",
Accountant Require Senior for Central Metro Location,Z2plus Placement & Security Agency,"Delhi, Delhi",Posted30+ days ago,2021-12-15,"Require Senior Accountant for Central Metro location.
Salary: as per candidate profile/ no bar for right candidate.
Experience- 5 to 7 years.","₹60,000 - ₹90,000 a year"
new,EY,"Gurgaon Road, Delhi",Posted5 days ago,2021-12-15,"The business and tax landscapes have changed dramatically, and the pace and complexity of change continues to increase.
To qualify for the role you must have:",
Chartered Accountant- Accounts - West Delhi - Hydro Power Co...,Globalzone,"Delhi, Delhi",Posted8 days ago,2021-12-15,"From 10 to 17 year(s) of experience.
Develop the revenue assurance strategy for all revenue products (recurring and ad hoc/ one-time service SKUs/ one-time…","₹10,00,000 - ₹14,00,000 a year"
Litigation & Direct Tax Assessment Officer,SR Expert Services,"Barakhamba, Delhi, Delhi",Posted30+ days ago,2021-12-15,"Urgent Hiring for Litigation & Direct Tax Assessment Officer.
Profile - Litigation & Direct Tax Assessment Officer.
Salary - 5 to 6.5 LPA.","₹3,50,000 - ₹6,50,000 a year"
Senior Accountant,Sanjay Vishal and Associates,"Naraina Vihar, Delhi",Posted11 days ago,2021-12-15,"We at Sanjay Vishal and Associates Chartered Accountants (Naraina- West Delhi) are engaged in services related to audit, taxation, regulatory compliances and…","₹20,000 - ₹35,000 a month"
Trainee Chartered Accountant,K K Paul and Company,"Delhi, Delhi",Posted9 days ago,2021-12-15,"Income tax filing, GST , Income tax return,Tally Job Type: Full-time Salary: ₹8,000.00 - ₹10,000.00 per month Schedule: * Flexible shift * Morning shift…","₹8,000 - ₹10,000 a month"
new,EY,"Gurgaon Road, Delhi",Posted5 days ago,2021-12-15,"Tax authorities are adapting their enforcement strategies, focus and policies in response to the changing dynamics of business.",
new,EY,"Gurgaon Road, Delhi",Posted5 days ago,2021-12-15,"We provide assistance in identifying risk areas and sustainable planning opportunities for indirect taxes throughout the tax life cycle, helping clients meet…",
Senior Manager – Assurance,Mazars,"New Delhi, Delhi",Posted30+ days ago,2021-12-15,"Type of contract: Full Time.
Must have strong knowledge of Indian accounting standards.
Must have reasonable knowledge of IFRS.",
Trainee Accountant (Male),infinity jobs,"Delhi, Delhi",Posted30+ days ago,2021-12-15,Skills required : Working knowledge of Accounting along with basic knowledge of computers and specially in Tally & MS-Excel.,"₹4,000 - ₹8,000 a month"
Accountant Require Senior for Central Metro Location,Z2plus Placement & Security Agency,"Delhi, Delhi",Posted30+ days ago,2021-12-15,"Experience- 5 to 7 years.
Key Skills Tally Accounting Account Management Finance.","₹60,000 - ₹90,000 a year"
SENIOR CHARTERED ACCOUNTANT,Bhatia & Co,"Delhi, Delhi",Posted30+ days ago,2021-12-15,"Must have Bachelor’s degree in Accounts or Finance, should have cleared his/her Chartered Accountant exam and should have 5-7 years of experience.",
Finance manager,IPSA,"Delhi, Delhi",Posted30+ days ago,2021-12-15,"Timely and qualititative preparation and submission of financial reports to the management.
Compile, review and analyse monthly, quarterly and full year…",
Accountant / Accounts Trainees,infinity jobs,Delhi,Posted30+ days ago,2021-12-15,"Skills As per JD mention below Job Openings for Accountant/ Accounts Trainee in Rohini (North Delhi) | Required Exp.
Com/CA Drop outs also welcome.","₹6,000 - ₹14,000 a month"
Urgent Hiring for Chartered Accountants in Delhi,DABS India Consultancy,"New Delhi, Delhi",Posted29 days ago,2021-12-15,"Assessing financial risks and suggesting preventive measures.
Liaising with clients, business partners, auditors and vendors.
Total work: 1 year (Required).","₹30,000 - ₹50,000 a month"
Chartered Accountant- Accounts - West Delhi - Hydro Power Co...,Globalzone,"Delhi, Delhi",Posted8 days ago,2021-12-15,"Develop the revenue assurance strategy for all revenue products (recurring and ad hoc/ one-time service SKUs/ one-time services), including identification and…","₹10,00,000 - ₹14,00,000 a year"
new,Smart Parts Exports,"New Delhi, Delhi",Posted6 days ago,2021-12-15,"Candidate should have experience of at least 2-3 years.
Should know to be *responsible for implementing accounting systems and processes.*.","₹20,000 - ₹25,000 a month"
Associate - Assurance,SCV & CO. Chartered Accountants,"South Malviya Nagar, Delhi",Posted30+ days ago,2021-12-15,Knowledge of Banking Audits will be an added advantage.,
Relationship Manager-MNC Clients,Michael Page IN,"New Delhi, Delhi",Posted30+ days ago,2021-12-15,"Competitve Pay and Challenging Role.
Responsible for acquisition / business development and relationship management of MNC Clients in North & East India.",
Accountant (Female),infinity jobs,Delhi,Posted30+ days ago,2021-12-15,"Skills Knowledge of Tally and other accounting Packages.
Should have Skills in Manual and Computerized Accounting.
Responsibility To Manage Company Accounts.","₹12,000 - ₹25,000 a month"
Financial Business Controller,EDGE Executive Search,"Delhi, Delhi",Posted21 days ago,2021-12-15,"The purpose of the role is to manage Operations, acquisitions and funding.
The role will be required to analyze business model and finances and use the findings…",
Accountant / Billing Executive,infinity jobs,"Delhi, Delhi",Posted30+ days ago,2021-12-15,"Experience : 2 to 5 years.
Should have sound knowledge of Tally / Busy and Accounting.
Shift Timings : 11 AM TO 7:30 PM.","₹18,000 - ₹20,000 a month"
Trainee Accountant (Male),infinity jobs,"Delhi, Delhi",Posted30+ days ago,2021-12-15,Skills required : Working knowledge of Accounting along with basic knowledge of computers and specially in Tally & MS-Excel.,"₹4,000 - ₹8,000 a month"
new,EY,"Gurgaon Road, Delhi",Posted5 days ago,2021-12-15,"EY is looking for Consultants / Senior Consultants to join the Fraud Investigation and Dispute Services team.
You will execute / lead client engagements related…",
Finance Controller Internship,Crypto Mize,"Delhi, Delhi",Posted28 days ago,2021-12-15,"Apply for Finance Controller Internship in Delhi.
Finance Controller Internship in Delhi at CryptoMize - Check Out Finance Controller Internship to manage…",
new,RGF Professional Recruitment,Delhi,Posted1 day ago,2021-12-15,"Understand the business models and review tax and regulatory positions on cross-border transactions, keeping in mind the local laws, transfer pricing…",
Relationship Manager-MNC Clients,Michael Page IN,"New Delhi, Delhi",Posted30+ days ago,2021-12-15,"Competitve Pay and Challenging Role.
Responsible for acquisition / business development and relationship management of MNC Clients in North & East India.",
Country Controller Analyst,Accenture,"Delhi, Delhi",Posted30+ days ago,2021-12-15,"Assist with ensuring U.S. GAAP Close:
Ownership of Accounting & Reporting for specific processes for Accenture North America Company Codes in compliance with…",
"CA / Chartered Accountant Connaught Place, Delhi",SR Expert Services,"Connaught Place, Delhi, Delhi",Posted30+ days ago,2021-12-15,"Note - Only Male Candidate Candidate Can Apply.
Chartered Accountant Should have Extensive Knowledge On Various Audit Compliance, Internal Audit, Statutory…","₹2,50,000 - ₹5,50,000 a year"
new,EY,"Gurgaon Road, Delhi",Posted5 days ago,2021-12-15,"The potential for error is high in an environment where speed is critical.
Companies looking for local and global deals face strong competition for quality…",
new,EY,"Gurgaon Road, Delhi",Posted5 days ago,2021-12-15,"We help corporate and financial clients meet their strategic goals, whether they are acquiring, divesting or raising finance.",
Head Finance,Neha Aviation Management,"New Delhi, Delhi",Posted30+ days ago,2021-12-15,Type of Employment : Full time.,"₹70,000 - ₹1,00,000 a month"
Associate - Assurance,SCV & CO. Chartered Accountants,"South Malviya Nagar, Delhi",Posted30+ days ago,2021-12-15,Knowledge of Banking Audits will be an added advantage.,
assistant manager- financial planning & analysis,Randstad,"New Delhi, Delhi",Posted30+ days ago,2021-12-15,"Analytical and Inspiration and Collaboration.
Incumbent will be responsible for Value+ with commercial understanding and knowledge.",
Chartered Accountant,Sunil Bhargava Associates,"Delhi, Delhi",Posted28 days ago,2021-12-15,"Responsible for carrying out Audits.
Preparation of relevant data and costing financial Audit and other professional assignments of the firm under guidance of…","₹25,000 - ₹45,000 a month"
Chartered Accountant Internship,Crypto Mize,"Delhi, Delhi",Posted28 days ago,2021-12-15,"Chartered Accountant (CA) Internship in Delhi at CryptoMize - Check Out Chartered Accountant Internship to provide guidance, audit accounts, and supply accurate…",
Chartered Accountant,infinity jobs,Delhi,Posted30+ days ago,2021-12-15,"Candidate must have CA.
Must have experience in analysis of financial reports of corporate for investment purpose.
Must have good communication.","₹3,00,000 - ₹5,50,000 a year"
Director - Business Development - Financial Services,Michael Page IN,"Delhi, Delhi",Posted30+ days ago,2021-12-15,"Strategizing Business plans and preparing a roadmap for the Firm's growth.
Understanding the product offering for preparing and presenting requisite corporate…",
Manager-FP&A,Michael Page IN,"New Delhi, Delhi",Posted30+ days ago,2021-12-15,"Great culture and Competitive Pay.
Manage preparation of annual budgets and forecasting (including cash forecast).
Complete knowledge of IFRS & Indian GAAP.",
Executive - SaT - National - Transaction Diligence - New Del...,EY,"Gurgaon Road, Delhi",Posted25 days ago,2021-12-15,"We help corporate and financial clients meet their strategic goals, whether they are acquiring, divesting or raising finance.
Ideally you’ll also have.",
Manager-Fund Administration,Michael Page IN,"New Delhi, Delhi",Posted30+ days ago,2021-12-15,"Preparing monthly Key performance reports/indicators for various funds for the top management.
Preparing and analysing future projected returns of various funds…",
Manager_US Business Tax_Asset Management,KPMG,Delhi,Posted20 days ago,2021-12-15,"Advising clients on a variety of tax issues including accounting for income taxes, FTA (periods, methods & credits), tax provisions, tax compliance, business…",
Senior Associate - SaT - AMI - CF - Lead Advisory - New Delh...,EY,"Gurgaon Road, Delhi",Posted30+ days ago,2021-12-15,"The potential for error is high in an environment where speed is critical.
Companies looking for local and global deals face strong competition for quality…",
Assistant Manager - Technical Accounting,KPMG,Delhi,Posted30+ days ago,2021-12-15,"Experience of financial reporting and from a reputed organization.
Past working experience in accounting would be an added advantage.",
Associate - SaT - AMI - CF - Lead Advisory - New Delhi,EY,"Gurgaon Road, Delhi",Posted30+ days ago,2021-12-15,"The potential for error is high in an environment where speed is critical.
Companies looking for local and global deals face strong competition for quality…",
new,EY,"Gurgaon Road, Delhi",Posted5 days ago,2021-12-15,"Tax authorities are adapting their enforcement strategies, focus and policies in response to the changing dynamics of business.",
Manager External Reporting,RGF Professional Recruitment,Delhi,Posted30+ days ago,2021-12-15,"This individual will work closely with and interact with multiple stakeholders in driving company-wide.
External Reporting performance for company.",
