Company Name,Job Location,Post date,Today,Url
Creative Capsule,Panjim/Panaji,Posted few days ago,2021-04-29,https://www.timesjobs.com/job-detail/team-lead-mobile-applications-development-creative-capsule-panjim-panaji-10-to-13-yrs-jobid-CeygsUGDN5FzpSvf__PLUS__uAgZw==&source=srp
kk consulting services,"Kolhapur,  Mumbai,  Pune,  Panjim/Panaji",Posted few days ago,2021-04-29,https://www.timesjobs.com/job-detail/business-development-officer-kk-consulting-services-kolhapur-mumbai-pune-panjim-panaji-2-to-5-yrs-jobid-iUxHeMBfejtzpSvf__PLUS__uAgZw==&source=srp
kk consulting services,"Jalgaon,  Ahmedabad,  Nasik,  Panjim/Panaji",Posted few days ago,2021-04-29,https://www.timesjobs.com/job-detail/business-development-manager-kk-consulting-services-jalgaon-ahmedabad-nasik-panjim-panaji-0-to-3-yrs-jobid-rbvzVZSWjaBzpSvf__PLUS__uAgZw==&source=srp
Photojaanic,Panjim/Panaji,Posted few days ago,2021-04-29,https://www.timesjobs.com/job-detail/business-development-executive-photojaanic-panjim-panaji-4-to-7-yrs-jobid-BO5wi2GDUzhzpSvf__PLUS__uAgZw==&source=srp
Teknorix Systems,Panjim/Panaji,Posted few days ago,2021-04-29,https://www.timesjobs.com/job-detail/business-analyst-ba-software-development-teknorix-systems-panjim-panaji-7-to-10-yrs-jobid-Yg2KhKKCRVJzpSvf__PLUS__uAgZw==&source=srp
reliance nippon life insurance company limited,Panjim/Panaji,Posted few days ago,2021-04-29,https://www.timesjobs.com/job-detail/agency-recruitment-and-development-manager-department-agency-reliance-nippon-life-insurance-company-limited-panjim-panaji-1-to-4-yrs-jobid-VfEKHMCDhupzpSvf__PLUS__uAgZw==&source=srp
Creative Capsule,Panjim/Panaji,Posted few days ago,2021-04-29,https://www.timesjobs.com/job-detail/senior-team-lead-front-end-development-creative-capsule-panjim-panaji-14-to-17-yrs-jobid-47A6KNlP__PLUS__HxzpSvf__PLUS__uAgZw==&source=srp
FresherMart,Panjim/Panaji,Posted few days ago,2021-04-29,https://www.timesjobs.com/job-detail/dealer-success-manager-freshermart-panjim-panaji-1-to-3-yrs-jobid-jbBtYEDEFmlzpSvf__PLUS__uAgZw==&source=srp
Vacation Labs,Panjim/Panaji,Posted few days ago,2021-04-29,https://www.timesjobs.com/job-detail/frontend-developer-vacation-labs-panjim-panaji-6-to-9-yrs-jobid-SDSWIyHAoNdzpSvf__PLUS__uAgZw==&source=srp
Creative Capsule,Panjim/Panaji,Posted few days ago,2021-04-29,https://www.timesjobs.com/job-detail/team-lead-web-applications-creative-capsule-panjim-panaji-10-to-13-yrs-jobid-uR__SLASH__cK__PLUS__AL7OZzpSvf__PLUS__uAgZw==&source=srp
M / s Fast and Furious Consulting,Panjim/Panaji,Posted 2 days ago,2021-04-29,https://www.timesjobs.com/job-detail/senior-executive-operation-lead-m-s-fast-and-furious-consulting-panjim-panaji-2-to-6-yrs-jobid-2JH81gemuIFzpSvf__PLUS__uAgZw==&source=srp
Creative Capsule,Panjim/Panaji,Posted few days ago,2021-04-29,https://www.timesjobs.com/job-detail/recruitment-specialist-creative-capsule-panjim-panaji-3-to-6-yrs-jobid-HUD6h__PLUS__EmfIRzpSvf__PLUS__uAgZw==&source=srp
SEVEN CONSULTANCY,Panjim/Panaji,Posted few days ago,2021-04-29,https://www.timesjobs.com/job-detail/real-estate-agent-seven-consultancy-panjim-panaji-1-to-3-yrs-jobid-NmwN4mcwL0tzpSvf__PLUS__uAgZw==&source=srp
Teknorix Systems,Panjim/Panaji,Posted few days ago,2021-04-29,https://www.timesjobs.com/job-detail/wordpress-developer-teknorix-systems-panjim-panaji-2-to-4-yrs-jobid-IHcgAov__PLUS__HPBzpSvf__PLUS__uAgZw==&source=srp
"Lavya Associates HR Services
     (More Jobs)","Panjim/Panaji,  Vasco Da Gama,  Ahmedabad,  Amreli,  Anand",Posted today,2021-04-29,https://www.timesjobs.com/job-detail/branch-manager-banca-life-insurance-ahmedabad-lavya-associates-hr-services-panjim-panaji-vasco-da-gama-ahmedabad-amreli-anand-5-to-10-yrs-jobid-8X9Oidw__SLASH__HydzpSvf__PLUS__uAgZw==&source=srp
Deccan Fine Chemicals Pvt. Limited,Panjim/Panaji,Posted few days ago,2021-04-29,https://www.timesjobs.com/job-detail/process-safety-scientist-process-safety-assessor-deccan-fine-chemicals-pvt-limited-panjim-panaji-3-to-5-yrs-jobid-GnU0j__PLUS__almGBzpSvf__PLUS__uAgZw==&source=srp
JobsLo Consultants,Panjim/Panaji,Posted few days ago,2021-04-29,https://www.timesjobs.com/job-detail/senior-java-programmer-jobslo-consultants-panjim-panaji-7-to-10-yrs-jobid-s__PLUS__q__SLASH__8aNP3YtzpSvf__PLUS__uAgZw==&source=srp
"vincentpaulraj sagayaraj consultancy
     (More Jobs)","Bhagalpur,  Muzaffarpur,  Patna,  Panjim/Panaji,  Vasco Da Gama",Posted a month ago,2021-04-29,https://www.timesjobs.com/job-detail/environmental-experts-vincentpaulraj-sagayaraj-consultancy-bhagalpur-muzaffarpur-patna-panjim-panaji-vasco-da-gama-2-to-7-yrs-jobid-qiQPzz1KS9JzpSvf__PLUS__uAgZw==&source=srp
"RK Recruitment S
     (More Jobs)","Bhilai-Durg,  Bilaspur,  Raipur,  Panjim/Panaji,  Vasco Da Gama",Posted few days ago,2021-04-29,https://www.timesjobs.com/job-detail/job-in-boarding-pass-checking-indigo-airlines-pvt-ltd-bhilai-durg-bilaspur-raipur-panjim-panaji-vasco-da-gama-0-to-1-yrs-jobid-SahZfhcvMsdzpSvf__PLUS__uAgZw==&source=srp
"RK Recruitment S
     (More Jobs)","Panjim/Panaji,  Vasco Da Gama",Posted a month ago,2021-04-29,https://www.timesjobs.com/job-detail/vacancy-for-air-hostess-job-indigo-airlines-pvt-ltd-panjim-panaji-vasco-da-gama-0-to-1-yrs-jobid-cM1MuCBPSWhzpSvf__PLUS__uAgZw==&source=srp
"RK Recruitment S
     (More Jobs)","Panjim/Panaji,  Vasco Da Gama,  Ahmedabad,  Bhavnagar,  Gandhinagar",Posted few days ago,2021-04-29,https://www.timesjobs.com/job-detail/customer-services-customer-care-executive-ground-handling-indigo-airlines-pvt-ltd-panjim-panaji-vasco-da-gama-ahmedabad-bhavnagar-gandhinagar-0-to-3-yrs-jobid-7HxzGjOSILhzpSvf__PLUS__uAgZw==&source=srp
"RK Recruitment S
     (More Jobs)","Guwahati,  Silchar,  Patna,  Raipur,  Panjim/Panaji",Posted few days ago,2021-04-29,https://www.timesjobs.com/job-detail/ravel-ticketing-airlines-aviation-indigo-airlines-pvt-ltd-guwahati-silchar-patna-raipur-panjim-panaji-0-to-3-yrs-jobid-GyX0flHDzjxzpSvf__PLUS__uAgZw==&source=srp
"RK Recruitment S
     (More Jobs)","Raipur,  Panjim/Panaji,  Vasco Da Gama,  Amreli,  Anand",Posted few days ago,2021-04-29,https://www.timesjobs.com/job-detail/air-force-pilot-indigo-airlines-pvt-ltd-raipur-panjim-panaji-vasco-da-gama-amreli-anand-0-to-3-yrs-jobid-QV1PGWBRtyZzpSvf__PLUS__uAgZw==&source=srp
Creative Capsule,Panjim/Panaji,Posted few days ago,2021-04-29,https://www.timesjobs.com/job-detail/net-developer-creative-capsule-panjim-panaji-3-to-6-yrs-jobid-ZBPhxIjytCNzpSvf__PLUS__uAgZw==&source=srp
Creative Hands HR Consultancy,Panjim/Panaji,Posted few days ago,2021-04-29,https://www.timesjobs.com/job-detail/team-manager-creative-hands-hr-consultancy-panjim-panaji-7-to-10-yrs-jobid-U__SLASH__XU5LXEBv9zpSvf__PLUS__uAgZw==&source=srp
"RK Recruitment S
     (More Jobs)","Patna,  Vasco Da Gama,  Bhavnagar,  Jamnagar,  Nadiad",Posted few days ago,2021-04-29,https://www.timesjobs.com/job-detail/airline-cabin-crew-only-females-for-leading-airline-indigo-airlines-pvt-ltd-patna-vasco-da-gama-bhavnagar-jamnagar-nadiad-0-to-3-yrs-jobid-akJuvKo2pt9zpSvf__PLUS__uAgZw==&source=srp
"RK Recruitment S
     (More Jobs)","Bilaspur,  Raipur,  Panjim/Panaji,  Vasco Da Gama,  Bhavnagar",Posted 3 days ago,2021-04-29,https://www.timesjobs.com/job-detail/successful-your-dream-through-aviation-industry-to-indigo-airlines-pvt-ltd-bilaspur-raipur-panjim-panaji-vasco-da-gama-bhavnagar-0-to-3-yrs-jobid-gOlA__PLUS__KQfX05zpSvf__PLUS__uAgZw==&source=srp
"RK Recruitment S
     (More Jobs)","Panjim/Panaji,  Vasco Da Gama,  Ahmedabad,  Mehsana,  Rajkot",Posted 3 days ago,2021-04-29,https://www.timesjobs.com/job-detail/urgently-required-supervisor-in-aroon-aviation-indigo-airlines-pvt-ltd-panjim-panaji-vasco-da-gama-ahmedabad-mehsana-rajkot-0-to-3-yrs-jobid-Chi52kSeP4tzpSvf__PLUS__uAgZw==&source=srp
"RK Recruitment S
     (More Jobs)","Bilaspur,  Raipur,  Panjim/Panaji,  Vasco Da Gama,  Gandhidham",Posted 6 days ago,2021-04-29,https://www.timesjobs.com/job-detail/direct-placement-for-aviation-sector-indigo-airlines-pvt-ltd-bilaspur-raipur-panjim-panaji-vasco-da-gama-gandhidham-0-to-3-yrs-jobid-Vxhj3Zp5KgxzpSvf__PLUS__uAgZw==&source=srp
"RK Recruitment S
     (More Jobs)","Bhilai-Durg,  Bilaspur,  Raipur,  Panjim/Panaji,  Vasco Da Gama",Posted a month ago,2021-04-29,https://www.timesjobs.com/job-detail/ground-service-assistant-ticketing-counter-staff-indigo-airlines-pvt-ltd-bhilai-durg-bilaspur-raipur-panjim-panaji-vasco-da-gama-0-to-1-yrs-jobid-h__PLUS__ZtCPcKfY5zpSvf__PLUS__uAgZw==&source=srp
"RK Recruitment S
     (More Jobs)","Bilaspur,  Raipur,  Panjim/Panaji,  Vasco Da Gama,  Amreli",Posted a month ago,2021-04-29,https://www.timesjobs.com/job-detail/job-opening-for-cabin-crew-flight-coordinator-indigo-airlines-pvt-ltd-bilaspur-raipur-panjim-panaji-vasco-da-gama-amreli-0-to-1-yrs-jobid-O__PLUS__tD2HqlTrhzpSvf__PLUS__uAgZw==&source=srp
"RK Recruitment S
     (More Jobs)","Panjim/Panaji,  Vasco Da Gama,  Rajkot,  Surat,  Vadodara",Posted today,2021-04-29,https://www.timesjobs.com/job-detail/hiring-fresher-candidates-for-the-airport-job-indigo-airlines-pvt-ltd-panjim-panaji-vasco-da-gama-rajkot-surat-vadodara-0-to-3-yrs-jobid-Lb0z5cU97cZzpSvf__PLUS__uAgZw==&source=srp
"RK Recruitment S
     (More Jobs)","Ahmedabad,  Panjim/Panaji,  Anand,  Ankleshwar,  Bhavnagar",Posted a month ago,2021-04-29,https://www.timesjobs.com/job-detail/ticketing-executing-job-at-airport-salary-23k-to-47k-indigo-airlines-pvt-ltd-ahmedabad-panjim-panaji-anand-ankleshwar-bhavnagar-0-to-3-yrs-jobid-DAMHbxsUVEpzpSvf__PLUS__uAgZw==&source=srp
"RK Recruitment S
     (More Jobs)","Ahmedabad,  Vasco Da Gama,  Bhavnagar,  Gandhinagar,  Mehsana",Posted few days ago,2021-04-29,https://www.timesjobs.com/job-detail/air-export-executive-indigo-airlines-pvt-ltd-ahmedabad-vasco-da-gama-bhavnagar-gandhinagar-mehsana-0-to-3-yrs-jobid-Vn8zSt1xJmJzpSvf__PLUS__uAgZw==&source=srp
"RK Recruitment S
     (More Jobs)","Panjim/Panaji,  Vasco Da Gama,  Ahmedabad,  Gandhidham,  Mehsana",Posted few days ago,2021-04-29,https://www.timesjobs.com/job-detail/ticketing-executive-indigo-airlines-pvt-ltd-panjim-panaji-vasco-da-gama-ahmedabad-gandhidham-mehsana-0-to-3-yrs-jobid-X5Yuue4cE0ZzpSvf__PLUS__uAgZw==&source=srp
"RK Recruitment S
     (More Jobs)","Bilaspur,  Raipur,  Panjim/Panaji,  Vasco Da Gama,  Ahmedabad",Posted a month ago,2021-04-29,https://www.timesjobs.com/job-detail/domestic-international-airport-indigo-airlines-pvt-ltd-bilaspur-raipur-panjim-panaji-vasco-da-gama-ahmedabad-0-to-1-yrs-jobid-w11zgUGRwHpzpSvf__PLUS__uAgZw==&source=srp
"RK Recruitment S
     (More Jobs)","Ahmedabad,  Panjim/Panaji,  Vasco Da Gama,  Amreli,  Bharuch",Posted a month ago,2021-04-29,https://www.timesjobs.com/job-detail/cabin-crew-air-hostess-indigo-airlines-pvt-ltd-ahmedabad-panjim-panaji-vasco-da-gama-amreli-bharuch-0-to-3-yrs-jobid-4PIVkRN3llNzpSvf__PLUS__uAgZw==&source=srp
"RK Recruitment S
     (More Jobs)","Ahmedabad,  Vasco Da Gama,  Rajkot,  Surat,  Vadodara",Posted 3 days ago,2021-04-29,https://www.timesjobs.com/job-detail/air-port-ramp-operations-indigo-airlines-pvt-ltd-ahmedabad-vasco-da-gama-rajkot-surat-vadodara-0-to-3-yrs-jobid-rcFvs3LljZBzpSvf__PLUS__uAgZw==&source=srp
"RK Recruitment S
     (More Jobs)","Panjim/Panaji,  Vasco Da Gama",Posted a month ago,2021-04-29,https://www.timesjobs.com/job-detail/opening-for-goa-airport-job-indigo-airlines-pvt-ltd-panjim-panaji-vasco-da-gama-0-to-1-yrs-jobid-orJ1BjuDET5zpSvf__PLUS__uAgZw==&source=srp
"RK Recruitment S
     (More Jobs)","Bhilai-Durg,  Bilaspur,  Raipur,  Panjim/Panaji,  Vasco Da Gama",Posted a month ago,2021-04-29,https://www.timesjobs.com/job-detail/job-airline-interview-airport-new-opening-5000-male-female-indigo-airlines-pvt-ltd-bhilai-durg-bilaspur-raipur-panjim-panaji-vasco-da-gama-0-to-3-yrs-jobid-ZMhFu7bzIJNzpSvf__PLUS__uAgZw==&source=srp
"RK Recruitment S
     (More Jobs)","Bhilai-Durg,  Bilaspur,  Raipur,  Panjim/Panaji,  Vasco Da Gama",Posted a month ago,2021-04-29,https://www.timesjobs.com/job-detail/urgent-required-for-male-female-candidates-airport-indigo-airlines-pvt-ltd-bhilai-durg-bilaspur-raipur-panjim-panaji-vasco-da-gama-0-to-3-yrs-jobid-gUjg55SJY0BzpSvf__PLUS__uAgZw==&source=srp
"RK Recruitment S
     (More Jobs)","Bhagalpur,  Muzaffarpur,  Patna,  Panjim/Panaji,  Vasco Da Gama",Posted few days ago,2021-04-29,https://www.timesjobs.com/job-detail/vacancies-in-ticketing-system-related-job-indigo-airlines-pvt-ltd-bhagalpur-muzaffarpur-patna-panjim-panaji-vasco-da-gama-0-to-3-yrs-jobid-RS26Cdzmz9NzpSvf__PLUS__uAgZw==&source=srp
"RK Recruitment S
     (More Jobs)","Bilaspur,  Raipur,  Panjim/Panaji,  Vasco Da Gama,  Ahmedabad",Posted a month ago,2021-04-29,https://www.timesjobs.com/job-detail/boarding-pass-checker-executive-in-airline-indigo-airlines-pvt-ltd-bilaspur-raipur-panjim-panaji-vasco-da-gama-ahmedabad-0-to-3-yrs-jobid-7cI__SLASH__caJ3vfZzpSvf__PLUS__uAgZw==&source=srp
MUMBAI ROZGAAR PVT LTD,"Mumbai,  Panjim/Panaji",Posted 3 days ago,2021-04-29,https://www.timesjobs.com/job-detail/assistant-manager-goa-sales-mumbai-rozgaar-pvt-ltd-mumbai-panjim-panaji-0-to-3-yrs-jobid-XNLfTW6B0bNzpSvf__PLUS__uAgZw==&source=srp
"RK Recruitment S
     (More Jobs)","Bhilai-Durg,  Bilaspur,  Raipur,  Panjim/Panaji,  Vasco Da Gama",Posted a month ago,2021-04-29,https://www.timesjobs.com/job-detail/customer-service-and-trolley-boy-jobs-indigo-airlines-pvt-ltd-bhilai-durg-bilaspur-raipur-panjim-panaji-vasco-da-gama-0-to-2-yrs-jobid-wN9fByWz5rFzpSvf__PLUS__uAgZw==&source=srp
"RK Recruitment S
     (More Jobs)","Bhilai-Durg,  Bilaspur,  Raipur,  Panjim/Panaji,  Vasco Da Gama",Posted few days ago,2021-04-29,https://www.timesjobs.com/job-detail/air-hostesses-and-cabine-crew-for-airlines-indigo-airlines-pvt-ltd-bhilai-durg-bilaspur-raipur-panjim-panaji-vasco-da-gama-0-to-1-yrs-jobid-qkpjgomWzOxzpSvf__PLUS__uAgZw==&source=srp
SEVEN CONSULTANCY,Panjim/Panaji,Posted few days ago,2021-04-29,https://www.timesjobs.com/job-detail/partner-account-manager-seven-consultancy-panjim-panaji-10-to-15-yrs-jobid-1vwtVaDIT__SLASH__JzpSvf__PLUS__uAgZw==&source=srp
"RK Recruitment S
     (More Jobs)","Other City(s) in Bihar,  Other City(s) in Chhattisgarh,  Other City(s) in Goa,  Other City(s) in Gujarat,  Other City(s) in Haryana",Posted few days ago,2021-04-29,https://www.timesjobs.com/job-detail/account-data-entry-airplane-pilot-or-copilot-indigo-airlines-pvt-ltd-other-city-s-in-bihar-other-city-s-in-chhattisgarh-other-city-s-in-goa-other-city-s-in-gujarat-other-city-s-in-haryana-0-to-3-yrs-jobid-jCMPaXDw5klzpSvf__PLUS__uAgZw==&source=srp
"TATA AIA Insurance Company ltd
     (More Jobs)",Other City(s) in Goa,Posted a month ago,2021-04-29,https://www.timesjobs.com/job-detail/insurance-wealth-manager-tata-aia-insurance-company-ltd-other-city-s-in-goa-3-to-8-yrs-jobid-tswRbgomFf1zpSvf__PLUS__uAgZw==&source=srp
"RK Recruitment S
     (More Jobs)","Panjim/Panaji,  Vasco Da Gama,  Ahmedabad,  Amreli,  Anand",Posted a month ago,2021-04-29,https://www.timesjobs.com/job-detail/10-th-pass-jobs-indigo-airlines-pvt-ltd-panjim-panaji-vasco-da-gama-ahmedabad-amreli-anand-0-to-1-yrs-jobid-o9TAv7EzHCRzpSvf__PLUS__uAgZw==&source=srp
"RK Recruitment S
     (More Jobs)","Bilaspur,  Raipur,  Panjim/Panaji,  Vasco Da Gama,  Ahmedabad",Posted few days ago,2021-04-29,https://www.timesjobs.com/job-detail/reservation-ticketing-manager-air-freight-agent-indigo-airlines-pvt-ltd-bilaspur-raipur-panjim-panaji-vasco-da-gama-ahmedabad-0-to-3-yrs-jobid-D4xAQ7PqqTlzpSvf__PLUS__uAgZw==&source=srp
"RK Recruitment S
     (More Jobs)","Raipur,  Panjim/Panaji,  Vasco Da Gama,  Amreli,  Anand",Posted a month ago,2021-04-29,https://www.timesjobs.com/job-detail/urgent-vacancy-for-fresher-and-experience-candidates-in-indigo-indigo-airlines-pvt-ltd-raipur-panjim-panaji-vasco-da-gama-amreli-anand-0-to-3-yrs-jobid-1L7OYwLHZTlzpSvf__PLUS__uAgZw==&source=srp
"RK Recruitment S
     (More Jobs)","Bilaspur,  Raipur,  Panjim/Panaji,  Vasco Da Gama,  Ahmedabad",Posted few days ago,2021-04-29,https://www.timesjobs.com/job-detail/job-interview-for-flight-attendant-fresher-indigo-airlines-pvt-ltd-bilaspur-raipur-panjim-panaji-vasco-da-gama-ahmedabad-0-to-3-yrs-jobid-cmv__PLUS__yz0yfaZzpSvf__PLUS__uAgZw==&source=srp
"RK Recruitment S
     (More Jobs)","Bilaspur,  Raipur,  Panjim/Panaji,  Vasco Da Gama,  Ahmedabad",Posted a month ago,2021-04-29,https://www.timesjobs.com/job-detail/urgent-opening-for-ticketing-counter-staff-cabin-crew-indigo-airlines-pvt-ltd-bilaspur-raipur-panjim-panaji-vasco-da-gama-ahmedabad-0-to-1-yrs-jobid-VDKYQwX13ZxzpSvf__PLUS__uAgZw==&source=srp
"RK Recruitment S
     (More Jobs)","Muzaffarpur,  Patna,  Bilaspur,  Raipur,  Panjim/Panaji",Posted few days ago,2021-04-29,https://www.timesjobs.com/job-detail/ground-service-assistant-cabin-attendant-indigo-airlines-pvt-ltd-muzaffarpur-patna-bilaspur-raipur-panjim-panaji-0-to-3-yrs-jobid-xa__SLASH__iXnM6bGZzpSvf__PLUS__uAgZw==&source=srp
"RK Recruitment S
     (More Jobs)","Panjim/Panaji,  Vasco Da Gama,  Other City(s) in Goa",Posted few days ago,2021-04-29,https://www.timesjobs.com/job-detail/jobs-goa-airport-ground-cabin-crew-tickets-indigo-airlines-pvt-ltd-panjim-panaji-vasco-da-gama-other-city-s-in-goa-0-to-3-yrs-jobid-petOEYbH0wZzpSvf__PLUS__uAgZw==&source=srp
"Kaul Placement
     (More Jobs)","Bengaluru / Bangalore,  Chennai,  Raipur,  Panjim/Panaji,  Ahmedabad",Posted today,2021-04-29,https://www.timesjobs.com/job-detail/banking-kaul-placement-bengaluru-bangalore-chennai-raipur-panjim-panaji-ahmedabad-4-to-9-yrs-jobid-0DoU7Z8zxAhzpSvf__PLUS__uAgZw==&source=srp
HR DEVI AND ASSOCIATES,Panjim/Panaji,Posted 2 days ago,2021-04-29,https://www.timesjobs.com/job-detail/territory-manager-hr-devi-and-associates-panjim-panaji-1-to-3-yrs-jobid-dkwC4d8LU8BzpSvf__PLUS__uAgZw==&source=srp
Cipla Ltd,Panjim/Panaji,Posted 2 days ago,2021-04-29,https://www.timesjobs.com/job-detail/junior-team-member-qa-cipla-ltd-panjim-panaji-2-to-5-yrs-jobid-uAOLJpZrgUxzpSvf__PLUS__uAgZw==&source=srp
Cipla Ltd,Panjim/Panaji,Posted 2 days ago,2021-04-29,https://www.timesjobs.com/job-detail/team-member-qa-cipla-ltd-panjim-panaji-3-to-4-yrs-jobid-SfHlxiT__PLUS__c__PLUS__dzpSvf__PLUS__uAgZw==&source=srp
Creative Capsule,Panjim/Panaji,Posted few days ago,2021-04-29,https://www.timesjobs.com/job-detail/system-architect-creative-capsule-panjim-panaji-12-to-15-yrs-jobid-YXtUSRgS6xtzpSvf__PLUS__uAgZw==&source=srp
TandA HR Solutions,Panjim/Panaji,Posted 3 days ago,2021-04-29,https://www.timesjobs.com/job-detail/sales-coordinator-tanda-hr-solutions-panjim-panaji-1-to-4-yrs-jobid-s2aZJAlT87pzpSvf__PLUS__uAgZw==&source=srp
Teknorix Systems,Panjim/Panaji,Posted 4 days ago,2021-04-29,https://www.timesjobs.com/job-detail/software-quality-analyst-teknorix-systems-panjim-panaji-2-to-5-yrs-jobid-z7vUhaBm5iFzpSvf__PLUS__uAgZw==&source=srp
Teknorix Systems,Panjim/Panaji,Posted 5 days ago,2021-04-29,https://www.timesjobs.com/job-detail/project-manager-teknorix-systems-panjim-panaji-0-to-3-yrs-jobid-qiMXbWI7L1tzpSvf__PLUS__uAgZw==&source=srp
Vacation Labs,Panjim/Panaji,Posted few days ago,2021-04-29,https://www.timesjobs.com/job-detail/software-engineer-vacation-labs-panjim-panaji-6-to-9-yrs-jobid-ZDmVbqni__PLUS__QJzpSvf__PLUS__uAgZw==&source=srp
Creative Capsule,Panjim/Panaji,Posted few days ago,2021-04-29,https://www.timesjobs.com/job-detail/react-js-developer-creative-capsule-panjim-panaji-3-to-6-yrs-jobid-PvWfBF8JCF1zpSvf__PLUS__uAgZw==&source=srp
Photojaanic,Panjim/Panaji,Posted few days ago,2021-04-29,https://www.timesjobs.com/job-detail/web-front-end-developer-photojaanic-panjim-panaji-3-to-6-yrs-jobid-VRqhvjt0mmZzpSvf__PLUS__uAgZw==&source=srp
Creative Capsule,Panjim/Panaji,Posted few days ago,2021-04-29,https://www.timesjobs.com/job-detail/veeva-front-end-developer-creative-capsule-panjim-panaji-2-to-5-yrs-jobid-YuzpW4SNzZBzpSvf__PLUS__uAgZw==&source=srp
Creative Capsule,Panjim/Panaji,Posted few days ago,2021-04-29,https://www.timesjobs.com/job-detail/team-lead-creative-capsule-panjim-panaji-8-to-11-yrs-jobid-E9Q2VAkyPJlzpSvf__PLUS__uAgZw==&source=srp
Creative Capsule,Panjim/Panaji,Posted few days ago,2021-04-29,https://www.timesjobs.com/job-detail/cloud-engineer-creative-capsule-panjim-panaji-3-to-6-yrs-jobid-__PLUS__beVcRqJF6VzpSvf__PLUS__uAgZw==&source=srp
SEVEN CONSULTANCY,Panjim/Panaji,Posted few days ago,2021-04-29,https://www.timesjobs.com/job-detail/jr-infrastructure-engineer-seven-consultancy-panjim-panaji-1-to-3-yrs-jobid-2rJijq__PLUS__8__PLUS__eRzpSvf__PLUS__uAgZw==&source=srp
Vacation Labs,Panjim/Panaji,Posted few days ago,2021-04-29,https://www.timesjobs.com/job-detail/associate-inside-sales-vacation-labs-panjim-panaji-2-to-3-yrs-jobid-gPRplPCl__SLASH__8xzpSvf__PLUS__uAgZw==&source=srp
Teknorix Systems,Panjim/Panaji,Posted few days ago,2021-04-29,https://www.timesjobs.com/job-detail/senior-net-developer-teknorix-systems-panjim-panaji-3-to-6-yrs-jobid-p__PLUS__3E__PLUS__527q8RzpSvf__PLUS__uAgZw==&source=srp
Teknorix Systems,Panjim/Panaji,Posted few days ago,2021-04-29,https://www.timesjobs.com/job-detail/net-developer-teknorix-systems-panjim-panaji-1-to-4-yrs-jobid-__PLUS__1IqxeFohE5zpSvf__PLUS__uAgZw==&source=srp
Photojaanic,Panjim/Panaji,Posted few days ago,2021-04-29,https://www.timesjobs.com/job-detail/market-trend-analyst-graphic-design-photojaanic-panjim-panaji-2-to-5-yrs-jobid-nXZgA5Nvt31zpSvf__PLUS__uAgZw==&source=srp
Photojaanic,Panjim/Panaji,Posted few days ago,2021-04-29,https://www.timesjobs.com/job-detail/software-quality-assurance-engineer-software-tester-photojaanic-panjim-panaji-2-to-5-yrs-jobid-UAJvhh__SLASH__oKAdzpSvf__PLUS__uAgZw==&source=srp
Creative Capsule,Panjim/Panaji,Posted few days ago,2021-04-29,https://www.timesjobs.com/job-detail/project-manager-creative-capsule-panjim-panaji-10-to-13-yrs-jobid-aDf1I9PAQk5zpSvf__PLUS__uAgZw==&source=srp
People Alliance Workforce Private Limited,"Ahmedabad,  Surat,  Vasco Da Gama",Posted few days ago,2021-04-29,https://www.timesjobs.com/job-detail/general-manager-shipping-port-operation-engineer-maintenance-port-people-alliance-workforce-private-limited-ahmedabad-surat-vasco-da-gama-10-to-20-yrs-jobid-cCBsk5HxkUhzpSvf__PLUS__uAgZw==&source=srp
post a resume hr consultancy,Panjim/Panaji,Posted few days ago,2021-04-29,https://www.timesjobs.com/job-detail/java-developer-post-a-resume-hr-consultancy-panjim-panaji-5-to-7-yrs-jobid-pghj40HRG6hzpSvf__PLUS__uAgZw==&source=srp
TandA HR Solutions,Panjim/Panaji,Posted few days ago,2021-04-29,https://www.timesjobs.com/job-detail/react-native-developer-tanda-hr-solutions-panjim-panaji-3-to-6-yrs-jobid-MqbBrPWtgJdzpSvf__PLUS__uAgZw==&source=srp
Photojaanic,Panjim/Panaji,Posted few days ago,2021-04-29,https://www.timesjobs.com/job-detail/backend-developer-photojaanic-panjim-panaji-2-to-5-yrs-jobid-9RM8__PLUS__qbOynRzpSvf__PLUS__uAgZw==&source=srp
JobsLo Consultants,Panjim/Panaji,Posted few days ago,2021-04-29,https://www.timesjobs.com/job-detail/product-specialist-manager-jobslo-consultants-panjim-panaji-6-to-8-yrs-jobid-a7S90auyDFxzpSvf__PLUS__uAgZw==&source=srp
"Sharma Recruitersc
     (More Jobs)","Bhagalpur,  Muzaffarpur,  Patna,  Panjim/Panaji,  Vasco Da Gama",Posted a month ago,2021-04-29,https://www.timesjobs.com/job-detail/software-engineer-sharma-recruitersc-bhagalpur-muzaffarpur-patna-panjim-panaji-vasco-da-gama-3-to-8-yrs-jobid-5ZYq3y0GR__PLUS__dzpSvf__PLUS__uAgZw==&source=srp
"FAYAZ AHMED
     (More Jobs)","Ahmedabad,  Bengaluru / Bangalore,  Adilabad,  Bhagalpur,  Panjim/Panaji",Posted few days ago,2021-04-29,https://www.timesjobs.com/job-detail/pipeline-integrity-engineer-employment-department-ahmedabad-bengaluru-bangalore-adilabad-bhagalpur-panjim-panaji-3-to-7-yrs-jobid-Zmlt6J63xFxzpSvf__PLUS__uAgZw==&source=srp
"RK Recruitment S
     (More Jobs)","Vasco Da Gama,  Ahmedabad,  Amreli,  Anand,  Ankleshwar",Posted today,2021-04-29,https://www.timesjobs.com/job-detail/diploma-and-b-tech-candidates-needed-in-maruti-suzuki-maruti-suzuki-ltd-vasco-da-gama-ahmedabad-amreli-anand-ankleshwar-0-to-3-yrs-jobid-Wglirlk4fwJzpSvf__PLUS__uAgZw==&source=srp
"S U Recruitment
     (More Jobs)","Raipur,  Panjim/Panaji,  Vasco Da Gama,  Amreli,  Anand",Posted few days ago,2021-04-29,https://www.timesjobs.com/job-detail/logistics-directors-drivers-supply-supervisors-quality-analysts-shiumesh-nith-firm-raipur-panjim-panaji-vasco-da-gama-amreli-anand-12-to-17-yrs-jobid-CZhJ5ygoZUlzpSvf__PLUS__uAgZw==&source=srp
"Dayanand Placement
     (More Jobs)","Chennai,  Mumbai,  Vasco Da Gama,  Ahmedabad,  Bengaluru / Bangalore",Posted a month ago,2021-04-29,https://www.timesjobs.com/job-detail/manager-admin-operation-to-manjushree-enterprises-dayanand-placement-chennai-mumbai-vasco-da-gama-ahmedabad-bengaluru-bangalore-4-to-9-yrs-jobid-OTt__PLUS__CMk__PLUS__K5ZzpSvf__PLUS__uAgZw==&source=srp
"Vairamuthu Victor consultancy
     (More Jobs)","Chennai,  Andaman & Nicobar,  Adilabad,  Bongaigaon,  Panjim/Panaji",Posted a month ago,2021-04-29,https://www.timesjobs.com/job-detail/hse-engineer-vairamuthu-victor-consultancy-chennai-andaman-nicobar-adilabad-bongaigaon-panjim-panaji-1-to-6-yrs-jobid-EO8rHvF5H6hzpSvf__PLUS__uAgZw==&source=srp
"RK Recruitment S
     (More Jobs)","Patna,  Bhilai-Durg,  Bilaspur,  Raipur,  Panjim/Panaji",Posted today,2021-04-29,https://www.timesjobs.com/job-detail/diploma-and-b-tech-candidates-needed-in-maruti-suzuki-maruti-suzuki-ltd-patna-bhilai-durg-bilaspur-raipur-panjim-panaji-0-to-3-yrs-jobid-QcQXOjQOzB9zpSvf__PLUS__uAgZw==&source=srp
"Syncway Infotech
     (More Jobs)","Bengaluru / Bangalore,  Bhilai-Durg,  Bilaspur,  Raipur,  Vasco Da Gama","Work from Home 
		    	
		    
	    	
	        
	        	


  
		
		
		
		
		
		
		
				
		
			Posted a month ago",2021-04-29,https://www.timesjobs.com/job-detail/hiring-for-ad-posting-job-ad-posting-bengaluru-bangalore-bhilai-durg-bilaspur-raipur-vasco-da-gama-0-to-1-yrs-jobid-p5gTq4YjRW5zpSvf__PLUS__uAgZw==&source=srp
"Neipar lal
     (More Jobs)","Ahmedabad,  Bengaluru / Bangalore,  Chennai,  Panjim/Panaji,  Faridabad",Posted few days ago,2021-04-29,https://www.timesjobs.com/job-detail/senior-planning-engineer-cenergy-offshore-pvt-ltd-ahmedabad-bengaluru-bangalore-chennai-panjim-panaji-faridabad-9-to-14-yrs-jobid-S__SLASH__9QxIQSavhzpSvf__PLUS__uAgZw==&source=srp
"Neipar lal
     (More Jobs)","Delhi/NCR,  Gurgaon,  Vasco Da Gama,  Wankaner,  Yamunanagar",Posted few days ago,2021-04-29,https://www.timesjobs.com/job-detail/engineering-manager-oil-and-natural-gas-corporation-ltd-delhi-ncr-gurgaon-vasco-da-gama-wankaner-yamunanagar-10-to-15-yrs-jobid-tnOVASx6YoBzpSvf__PLUS__uAgZw==&source=srp
"Nikon Systems Pvt LTD
     (More Jobs)","Panjim/Panaji,  Vasco Da Gama",Posted a month ago,2021-04-29,https://www.timesjobs.com/job-detail/mep-engineer-nikon-systems-pvt-ltd-panjim-panaji-vasco-da-gama-5-to-10-yrs-jobid-9287kuJLIFZzpSvf__PLUS__uAgZw==&source=srp
"Nikon Systems Pvt LTD
     (More Jobs)","Panjim/Panaji,  Vasco Da Gama",Posted a month ago,2021-04-29,https://www.timesjobs.com/job-detail/civil-site-engineer-civil-engineer-nikon-systems-pvt-ltd-panjim-panaji-vasco-da-gama-5-to-10-yrs-jobid-aXDXOYn1hxlzpSvf__PLUS__uAgZw==&source=srp
"Neipar lal
     (More Jobs)","Gurgaon,  Hyderabad/Secunderabad,  Kolkata,  Vasco Da Gama,  Bhavnagar",Posted few days ago,2021-04-29,https://www.timesjobs.com/job-detail/oil-and-gas-accountant-cenergy-offshore-pvt-ltd-gurgaon-hyderabad-secunderabad-kolkata-vasco-da-gama-bhavnagar-8-to-13-yrs-jobid-lmhrIdz5gWdzpSvf__PLUS__uAgZw==&source=srp
"CANVAS27.com
     (More Jobs)","Patna,  Raipur,  Panjim/Panaji,  Surat,  Vadodara",Posted few days ago,2021-04-29,https://www.timesjobs.com/job-detail/teacher-canvas27-com-patna-raipur-panjim-panaji-surat-vadodara-1-to-6-yrs-jobid-SvXGHc6UsQZzpSvf__PLUS__uAgZw==&source=srp
"CANVAS27.com
     (More Jobs)","Patna,  Raipur,  Panjim/Panaji,  Surat,  Vadodara",Posted few days ago,2021-04-29,https://www.timesjobs.com/job-detail/hr-generalist-immediate-joiners-canvas27-com-patna-raipur-panjim-panaji-surat-vadodara-1-to-6-yrs-jobid-4dC0cN5lzP5zpSvf__PLUS__uAgZw==&source=srp
"CANVAS27.com
     (More Jobs)","Patna,  Raipur,  Panjim/Panaji,  Surat,  Vadodara",Posted few days ago,2021-04-29,https://www.timesjobs.com/job-detail/fresher-java-developer-python-developer-iot-developer-canvas27-com-patna-raipur-panjim-panaji-surat-vadodara-0-to-3-yrs-jobid-ewRo3Sq2SWNzpSvf__PLUS__uAgZw==&source=srp
